/*
SQLyog Community v12.02 (32 bit)
MySQL - 5.5.29 : Database - word_embedding
*********************************************************************
*/

/*!40101 SET NAMES utf8 */;

/*!40101 SET SQL_MODE=''*/;

/*!40014 SET @OLD_UNIQUE_CHECKS=@@UNIQUE_CHECKS, UNIQUE_CHECKS=0 */;
/*!40014 SET @OLD_FOREIGN_KEY_CHECKS=@@FOREIGN_KEY_CHECKS, FOREIGN_KEY_CHECKS=0 */;
/*!40101 SET @OLD_SQL_MODE=@@SQL_MODE, SQL_MODE='NO_AUTO_VALUE_ON_ZERO' */;
/*!40111 SET @OLD_SQL_NOTES=@@SQL_NOTES, SQL_NOTES=0 */;
CREATE DATABASE /*!32312 IF NOT EXISTS*/`word_embedding` /*!40100 DEFAULT CHARACTER SET latin1 */;

USE `word_embedding`;

/*Table structure for table `cinema` */

DROP TABLE IF EXISTS `cinema`;

CREATE TABLE `cinema` (
  `id` int(200) NOT NULL AUTO_INCREMENT,
  `word` varchar(200) DEFAULT NULL,
  PRIMARY KEY (`id`)
) ENGINE=InnoDB AUTO_INCREMENT=37 DEFAULT CHARSET=latin1;

/*Data for the table `cinema` */

insert  into `cinema`(`id`,`word`) values (1,'movie'),(2,'film'),(3,'oscar'),(4,'hero'),(5,'heroein'),(6,'song'),(7,'villain'),(8,'shooting'),(9,'fans'),(10,'dance'),(11,'music'),(12,'choreography'),(13,'acting'),(14,'award'),(15,'stunt'),(16,'trailer'),(17,'release'),(18,'script'),(19,'promo'),(20,'star'),(21,'reviews'),(22,'animation'),(23,'sound'),(24,'superstar'),(25,'cinema'),(26,'bollywood'),(27,'kollywood'),(28,'tollywod'),(29,'flop'),(30,'classic'),(31,'music'),(32,'artists'),(33,'dubbing'),(34,'album'),(35,'tempo'),(36,'entertainment');

/*Table structure for table `dataset` */

DROP TABLE IF EXISTS `dataset`;

CREATE TABLE `dataset` (
  `id` varchar(200) DEFAULT NULL,
  `uname` varchar(200) DEFAULT NULL,
  `dte` varchar(200) DEFAULT NULL,
  `tweet` varchar(200) DEFAULT NULL,
  `status` varchar(200) DEFAULT NULL,
  `nstatus` varchar(200) DEFAULT NULL,
  `cinema` varchar(200) DEFAULT NULL,
  `sports` varchar(200) DEFAULT NULL,
  `news` varchar(200) DEFAULT NULL
) ENGINE=InnoDB DEFAULT CHARSET=latin1;

/*Data for the table `dataset` */

insert  into `dataset`(`id`,`uname`,`dte`,`tweet`,`status`,`nstatus`,`cinema`,`sports`,`news`) values ('1','shounakray','Thu Aug 09 20:09:02 IST 2018','baban_smith TimesNow How many critics gave Ra One 4 stars? Did Ra One get the same acclaim as Mulk? Why are peopl','Others','','0','0','0'),('2','deirdremhopkins','Thu Aug 09 20:09:02 IST 2018','RT TIFF_NET: .markcousinsfilm and EP Tilda Swinton highlight and celebrate the monumental but largely unrecognized efforts of female film','Cinema','Cinema : 1','1','0','0'),('3','cianiahkaela','Thu Aug 09 20:09:02 IST 2018','RT javeigh: Percy Jackson was robbed of what couldve been an amazing movie franchise and Im still mad','Cinema','Cinema : 1','1','0','0'),('4','tiberiuscobra','Thu Aug 09 20:09:02 IST 2018','RT CalmTomb: New Oscar categories:\n\n- Best Movie About the Magic of the Cinema\n- Best Movie That Youll Watch Once \n- Best Movie Thats So','Cinema','Cinema : 5','5','0','0'),('5','BlindedByLust','Thu Aug 09 20:09:01 IST 2018','that Muppets movie looks live lmao','Cinema','Cinema : 1','1','0','0'),('6','anggun_gayatri','Thu Aug 09 20:09:01 IST 2018','RT ahmad_afyandi: Logan Action Full Movie ','Cinema','Cinema : 1','1','0','0'),('7','zinccommunicate','Thu Aug 09 20:09:01 IST 2018','It sounded like something out of a superhero movie and it appears it would be as unsuccessful as a super villains p','Cinema','Cinema : 1','1','0','0'),('8','gregberta','Thu Aug 09 20:09:01 IST 2018','RT mikefarb1: #unhackthevote \nLets say it one more time. Secretary of States should have absolutely no involvement in the Election System','News',', News : 1','0','0','1'),('9','RobinHoodFlower','Thu Aug 09 20:09:01 IST 2018','RT kissmyelite: Beaches in East GB are heaven. Point blank and the period. Why else would pirates of the Caribbean shoot a whole movie the','Cinema','Cinema : 1','1','0','0'),('10','SimplyRujuta','Thu Aug 09 20:09:00 IST 2018','RT Olacabs: #KnowYourAthlete She changed our nations perceptions of women competing in sports forever.\nCan you guess her name? #RoadToGol','Sports',', Sports : 1','0','1','0'),('11','CPheagin','Thu Aug 09 20:09:00 IST 2018','RT LeighScott_STL: You heard it right here for 3 minutes on how all of us, including the Dems have got a o see Dinesh Sousas movie!!\nDeat','Cinema','Cinema : 1','1','0','0'),('12','MarrRowwW1337','Thu Aug 09 20:09:00 IST 2018','material sexy naked avatar girl two hot lesbian girls having sex teen sex movie streaming quit sex adult  ','Cinema','Cinema : 1','1','0','0'),('13','_eliasking_','Thu Aug 09 20:08:59 IST 2018','RT preppapig: this has more emotional impact than any spielberg movie  ','Cinema','Cinema : 1','1','0','0'),('14','cinamonxroll','Thu Aug 09 20:08:59 IST 2018','RT koreanthingy: /krt/ Remember Dobby from Harry Potter the Movie? Heres he now! ','Cinema','Cinema : 1','1','0','0'),('15','MTFIII','Thu Aug 09 20:08:59 IST 2018','The saddest part is that regardless, the movie is likely beyond saving. ','Cinema','Cinema : 1','1','0','0'),('16','owenngrady','Thu Aug 09 20:08:59 IST 2018','mid 2018 and we still get new shots of the fourth movie... ','Cinema','Cinema : 1','1','0','0'),('17','Murali63616363','Thu Aug 09 20:08:59 IST 2018','RT AkhilTarak99: Not only Fans every Movie Lover very exited About NTR movies 1st look & teaser\nWhen NTR Movie Teaser Release\nWhole TFI In','Cinema','Cinema : 4','4','0','0'),('18','virtuallyky','Thu Aug 09 20:08:58 IST 2018','RT RXMANSPHOENIX: jennifer garner and mark ruffalo doing the thriller dance in 13 Going On 30 is one of the best dance sequences in a movi','Cinema','Cinema : 2','2','0','0'),('19','MessedUpKrushem','Thu Aug 09 20:08:58 IST 2018','RT godlycia: friendly reminder that tomi adeyemi, a 24 year old nigerian author, signed a 6 figure movie deal for her breakout fantasy nov','Cinema','Cinema : 1','1','0','0'),('20','krisirex','Thu Aug 09 20:08:58 IST 2018','RT electrolemon: still no oscar for stunt performances/choreography or voice acting but cool, why not add an award for most popular movie,','Cinema','Cinema : 4','4','0','0'),('21','imsorrychrisj','Thu Aug 09 20:08:58 IST 2018','RT BootsRiley: Yo. I just wanna say that even if I disagree with a critic, I still appreciate them for watching and thinking about the mov','Others','','0','0','0'),('22','JonesyJonesJ','Thu Aug 09 20:08:58 IST 2018','RT MMFlint: The trailer to my new movie, œFAHRENHEIT 11/9, was just made public a few minutes ago! œFAHRENHEIT 11/9 is in theaters EVERY','Cinema','Cinema : 2, News : 1','2','0','1'),('23','AishaBhadelia','Thu Aug 09 20:08:58 IST 2018','PenguinUKBooks Ella enchanted was my favorite book. Im still mad about the movie.  Huge reader because my dad was','Cinema','Cinema : 1','1','0','0'),('24','joguttu','Thu Aug 09 20:08:57 IST 2018','atuln DilliDurAst FreshMenuIndia RashmiDaga Sounds like a movie script','Cinema','Cinema : 2','2','0','0'),('25','Griffin11512324','Thu Aug 09 20:08:57 IST 2018','RT aNichiporchik: I had a dream that we were making a #HelloNeighbor movie and Nick_Offerman was playing the main role of the Neighbor. h','Cinema','Cinema : 1','1','0','0'),('26','Aimanio','Thu Aug 09 20:08:56 IST 2018','RT darleenzakir: Ethan Hunt at your service! ????this soundtrack has been in my head everytime the movie comes out. \n\nMission Impossible? An','Cinema','Cinema : 1','1','0','0'),('27','kinoopntgn','Thu Aug 09 20:08:56 IST 2018','RT koreanthingy: /krt/ Remember Dobby from Harry Potter the Movie? Heres he now! ','Cinema','Cinema : 1','1','0','0'),('28','meskygirl','Thu Aug 09 20:08:56 IST 2018','RT gingmoreno1: THE HOWS OF US movie \nSM LIGHT MALL \nAug 30\n7PM \n\nDarren is coming...DM me. Thanks.','Cinema','Cinema : 1','1','0','0'),('29','GabiNoel4','Thu Aug 09 20:08:55 IST 2018','Stay_C14ssy Girl he said he was gonna make a MOVIE. A PRODUCTION. ??','Cinema','Cinema : 1','1','0','0'),('30','sarinastw','Thu Aug 09 20:08:54 IST 2018','rydermanville y e s. like, idk what will become of me when they start doing the promo for the movie. i am weak and','Cinema','Cinema : 2','2','0','0'),('31','HeidyMo','Thu Aug 09 20:08:54 IST 2018','RT TIFF_NET: .markcousinsfilm and EP Tilda Swinton highlight and celebrate the monumental but largely unrecognized efforts of female film','Cinema','Cinema : 1','1','0','0'),('32','dhjkkk_','Thu Aug 09 20:08:54 IST 2018','RT koreanthingy: /krt/ Remember Dobby from Harry Potter the Movie? Heres he now! ','Cinema','Cinema : 1','1','0','0'),('33','malgal3693','Thu Aug 09 20:08:53 IST 2018','RT electrolemon: still no oscar for stunt performances/choreography or voice acting but cool, why not add an award for most popular movie,','Cinema','Cinema : 4','4','0','0'),('34','Spaceshippimp','Thu Aug 09 20:08:53 IST 2018','RT WordOnRdd: Hes 180% going to use it in the movie ','Cinema','Cinema : 1','1','0','0'),('35','nhkmrzmn','Thu Aug 09 20:08:53 IST 2018','What a goosebumps movie','Cinema','Cinema : 1','1','0','0'),('36','vNSkuIFrYXanjWL','Thu Aug 09 20:08:53 IST 2018','lots of sex games twinkie porn sonja walger nude amateur sister brother watch free movie porno hip hop  ','Cinema','Cinema : 1','1','0','0'),('37','KING_TJB','Thu Aug 09 20:08:52 IST 2018','Look like one movie star...I cant remember ','Cinema','Cinema : 1','1','0','0'),('38','_AmmBURR','Thu Aug 09 20:08:52 IST 2018','RT BlackTonyRomo: My girl asking me 20 consecutive questions about a movie that were both watching for the first time. ','Cinema','Cinema : 1','1','0','0'),('39','_jelama','Thu Aug 09 20:08:51 IST 2018','Stay tuned for (possibly) more movie reviews because why be gainfully employed when I can just rot here','Cinema','Cinema : 2','2','0','0'),('40','TimilehinH_','Thu Aug 09 20:08:50 IST 2018','Home the movie part2 please ????','Cinema','Cinema : 1','1','0','0'),('41','buffysmars','Thu Aug 09 20:08:50 IST 2018','the other woman with natalie portman. I gave this one 6.5/10 stars. it was a pretty good movie, but I dont think I','Cinema','Cinema : 1','1','0','0'),('42','Mariajl','Thu Aug 09 20:08:50 IST 2018','JessicaShaw I think it is a valid accomplishment to say that œthis movie is loved/resonated with an astounding am','Cinema','Cinema : 1','1','0','0'),('43','Directedbydes','Thu Aug 09 20:08:49 IST 2018','They look like movie stills ','Cinema','Cinema : 1','1','0','0'),('44','_NeekTweets','Thu Aug 09 20:08:49 IST 2018','RT godlycia: friendly reminder that tomi adeyemi, a 24 year old nigerian author, signed a 6 figure movie deal for her breakout fantasy nov','Cinema','Cinema : 1','1','0','0'),('45','LenkaYixing','Thu Aug 09 20:08:49 IST 2018','RT XingPark: 180809 Yixing reposted director Huang Bos Weibo update: \"Being together is our best memory, thank you Bo ge, thank you for o','Others','','0','0','0'),('46','authorjuliarain','Thu Aug 09 20:08:49 IST 2018','RT SHOUTmyBook: 5 Stars! - Relevant to the world today. Fast paced with lots of tech gadgets and toys. Would make a good movie. lawrenceb','Cinema','Cinema : 1','1','0','0'),('47','LastZetta','Thu Aug 09 20:08:49 IST 2018','RT Incredibleksm: I keep looking at this picture and it almost feels like a scene from a Jerusalem Movie in Kisumu City. #kisumu Lake Vict','Cinema','Cinema : 1','1','0','0'),('48','bobby63813533','Thu Aug 09 20:08:49 IST 2018','RT MassDHFM: Its very very slow..\nFan handles be active until 12AM\nIts the highest in TFI, We should make it highest in India ?? Malli nex','Others','','0','0','0'),('49','A_Thalapathyan','Thu Aug 09 20:08:48 IST 2018','RT AssaulttSethu: The Movie Which Faced Many Hurdles , You May Remove The Tag #TimeToLead From Movie But It Remains Forever In Our Heart ??','Cinema','Cinema : 2','2','0','0'),('50','BrianBiscieglia','Thu Aug 09 20:08:47 IST 2018','OhlerTJ kianangu I thought the first Purge movie sucked, but the next 3 I really like.','Cinema','Cinema : 1','1','0','0'),('51','bellesculpture','Thu Aug 09 20:08:47 IST 2018','RT faisalkhan1401: #HinaWasFirstChoiceFor \nhina was first choice for toilet movie but makers decided to cast orignal toilet','Cinema','Cinema : 1','1','0','0'),('52','dg_riya','Thu Aug 09 20:08:47 IST 2018','RT faisalkhan1401: #HinaWasFirstChoiceFor \nhina was first choice for toilet movie but makers decided to cast orignal toilet','Cinema','Cinema : 1','1','0','0'),('53','fatimahhhabib','Thu Aug 09 20:08:47 IST 2018','I saw this fish in a movie but I didnt know it was real ??\n\nAnd I cant remember the movie to save my life. ','Cinema','Cinema : 2','2','0','0'),('54','ElCarterwan','Thu Aug 09 20:08:46 IST 2018','RT EagleStarNET: The 20-Year Journey of The Meg”the Movie the Internet Wouldnt Let Die ','Cinema','Cinema : 1','1','0','0'),('55','syarakw','Thu Aug 09 20:08:46 IST 2018','The best anime movie ???????? ','Cinema','Cinema : 1','1','0','0'),('56','uwuniondale','Thu Aug 09 20:08:46 IST 2018','Are you gonna watch the II movie?\n\nRT AFTER VOTING','Cinema','Cinema : 1','1','0','0'),('57','evenweirdermove','Thu Aug 09 20:08:45 IST 2018','pretty sure Detroit was the most complicated character in that whole movie despite being a manic pixie comrade or w','Cinema','Cinema : 1','1','0','0'),('58','RoohUll79288323','Thu Aug 09 20:08:45 IST 2018','RT irenaakbar: Weve had enough movies that show Muslim men getting radicalised & bombing places. Does Bollywood have the guts to make a m','Cinema','Cinema : 1','1','0','0'),('59','TheRexologistMD','Thu Aug 09 20:08:45 IST 2018','al_man9696 Apple airpods and a movie set sound mic','Cinema','Cinema : 2','2','0','0'),('60','feuliscatus','Thu Aug 09 20:08:44 IST 2018','RT koreanthingy: /krt/ Remember Dobby from Harry Potter the Movie? Heres he now! ','Cinema','Cinema : 1','1','0','0'),('61','nxsreen_','Thu Aug 09 20:08:44 IST 2018','My gad, i forgot how much i loveeee the movie Mr & Mrs Smith ????','Cinema','Cinema : 1','1','0','0'),('62','rights_of_bill','Thu Aug 09 20:08:44 IST 2018','Theyre just setting it up for the response over the side to the next Melissa McCarthy movie. ','Cinema','Cinema : 1','1','0','0'),('63','LindaEpai457450','Thu Aug 09 20:08:43 IST 2018','RT CherylBond20: PeterJamesK AnOpenSecret Make sure to vocally boycott his new movie coming out! He should be GONE from Hollywood, just','Cinema','Cinema : 1','1','0','0'),('64','titlecharacter','Thu Aug 09 20:08:43 IST 2018','hexomatt I mean dont get me wrong, Id pay movie admission prices just to watch whiny fanboy heads explode at Rir','Cinema','Cinema : 1','1','0','0'),('65','optimistAk','Thu Aug 09 20:08:43 IST 2018','arvindia4u AdiviSesh waiting to watch it.. used the one movie slot we could accommodate for MI-fallout :(  .. btw','Cinema','Cinema : 1','1','0','0'),('66','roh_tweets','Thu Aug 09 20:08:43 IST 2018','RT ManyATrueNerd: The Muppet Avengers.\n\nDont even pretend that wouldnt be the most successful movie of all time.','Cinema','Cinema : 1','1','0','0'),('67','MammaMiaNotter','Thu Aug 09 20:08:43 IST 2018','RT rejectedjokes: I. LOVE. 90S. BLUE. ICONIC. CHARACTERS. I am beyond excited about this movie. Its gonna be amazing. I have been trainin','Cinema','Cinema : 1','1','0','0'),('68','SofiaPotencian2','Thu Aug 09 20:08:43 IST 2018','RT javeigh: Percy Jackson was robbed of what couldve been an amazing movie franchise and Im still mad','Cinema','Cinema : 1','1','0','0'),('69','PhippsDavis','Thu Aug 09 20:08:43 IST 2018','RT dom_ohanlon: Well the Wicked movie has suddenly got more interesting ','Cinema','Cinema : 1','1','0','0'),('70','_JustTayy','Thu Aug 09 20:08:43 IST 2018','RT javeigh: Percy Jackson was robbed of what couldve been an amazing movie franchise and Im still mad','Cinema','Cinema : 1','1','0','0'),('71','DesTiny_Create','Thu Aug 09 20:08:43 IST 2018','RT filmymantra: Hello #Contest Sports!\nHeres #GeniusTheMovieContest for you...\n5 Couple movie tickets are up for Grab!\nDo follow ALL the','Equal','Cinema : 1, Sports : 1','1','1','0'),('72','jazzyjsutton','Thu Aug 09 20:08:42 IST 2018','RT emiliaheards: People: œI want more diversity in superhero movies! *Makes speeches on twitter of wanting more diversity*\n\n*Sabans power','News',', News : 1','0','0','1'),('73','yaya17017','Thu Aug 09 20:08:42 IST 2018','RT MMFlint: The trailer to my new movie, œFAHRENHEIT 11/9, was just made public a few minutes ago! œFAHRENHEIT 11/9 is in theaters EVERY','Cinema','Cinema : 2, News : 1','2','0','1'),('74','PornJavHD1979','Thu Aug 09 20:08:42 IST 2018','PornJavHD Free - PornJavHD Video Premium - [SCOP-504] This College Girl Got Drunk And Out Of Control At The Welcomi','Others','','0','0','0'),('75','prasad_tark9999','Thu Aug 09 20:08:41 IST 2018','RT AkhilTarak99: Not only Fans every Movie Lover very exited About NTR movies 1st look & teaser\nWhen NTR Movie Teaser Release\nWhole TFI In','Cinema','Cinema : 4','4','0','0'),('76','nareshkarnati9','Thu Aug 09 20:08:41 IST 2018','RT chandraNTR999: Exciting news will be out in two weeks about #AravindhaSametha movie\n Most probably #AravindhaSamethaTeaser \nAre you get','Equal','Cinema : 1, News : 1','1','0','1'),('77','J_cash1','Thu Aug 09 20:08:41 IST 2018','RT theweeknd: the best movie Ive seen all fucking year. top of the list. truly a gritty masterpiece. Congrats to the Safdie brothers JOS','Cinema','Cinema : 1','1','0','0'),('78','Iazymood','Thu Aug 09 20:08:41 IST 2018','filmthemoon OMG. ugh i feel bad for not finishing this movie with you ??','Cinema','Cinema : 1','1','0','0'),('79','flirtyminjoon','Thu Aug 09 20:08:41 IST 2018','I didnt even know there was a bnha movie lol','Cinema','Cinema : 1','1','0','0'),('80','Luvo_Zulu','Thu Aug 09 20:08:41 IST 2018','RT ThandoNomvalo: It comes with great joy to announce that our movie trailer \"Imbokodo Rock The Journal\" is now out on YouTube. \n\nPlease c','Cinema','Cinema : 2','2','0','0'),('81','saik0202','Thu Aug 09 20:08:41 IST 2018','RT AkhilTarak99: Not only Fans every Movie Lover very exited About NTR movies 1st look & teaser\nWhen NTR Movie Teaser Release\nWhole TFI In','Cinema','Cinema : 4','4','0','0'),('82','Kouturely','Thu Aug 09 20:08:40 IST 2018','RT Teeallise: Daytona needs a drive in movie theatre..','Cinema','Cinema : 1','1','0','0'),('83','carpedisera','Thu Aug 09 20:08:40 IST 2018','\"Shut Up and sit down, you big bald fuck!!!\". Best line in a movie ever. Love Snatch','Cinema','Cinema : 1','1','0','0'),('84','Stephanienoel41','Thu Aug 09 20:08:40 IST 2018','NIGEL GRUFF SECOND FIELD GOAL-THE REPLACEMENTS ','Others','','0','0','0'),('85','thecharismatic6','Thu Aug 09 20:08:40 IST 2018','RT KajariaCeramic: Kajaria in association with the #GOLD movie pays tribute to the iconic Hockey team who brought India, its first gold me','Equal','Cinema : 1, Sports : 1','1','1','0'),('86','JonDonahue','Thu Aug 09 20:08:39 IST 2018','On this very night, 33 years ago, on this same stretch of road, in the dense fog, just like this, I saw the best mo','Others','','0','0','0'),('87','_YonTV','Thu Aug 09 20:08:39 IST 2018','RT BlackTonyRomo: My girl asking me 20 consecutive questions about a movie that were both watching for the first time. ','Cinema','Cinema : 1','1','0','0'),('88','deat_b_2','Thu Aug 09 20:08:39 IST 2018','RT 3rdFLOOR_Crew: [3rd FLOOR] 2018.8.9\n\n\"We just go, Here we go, IndiGO, IndiGO\"\n\nORIGINAL :: JUSTHIS, Kid Milli, NO:EL, Young B - IndiGO','Others','','0','0','0'),('89','Akshobh','Thu Aug 09 20:08:39 IST 2018','This transported me back in time! ','Others','','0','0','0'),('90','getabucketjon','Thu Aug 09 20:08:38 IST 2018','RT BrosConfessions: Shaq made a movie trailer about JaVale McGee ?? ???? ','Cinema','Cinema : 2','2','0','0'),('91','thisiskarthik29','Thu Aug 09 20:08:38 IST 2018','RT YSRfilms: #PyaarPremaKaadhal Release Promo #1. Movie Releasing Tomorrow!\n\n?? ','Cinema','Cinema : 4','4','0','0'),('92','abhijith115','Thu Aug 09 20:09:08 IST 2018','RT dirbobby: Many Happy returns of the day to #SuperStar of Telugu cinema, urstrulymahesh garu. You just look so serene and poise in the','Cinema','Cinema : 1','1','0','0'),('93','KierViAbroadOFC','Thu Aug 09 20:09:07 IST 2018','RT KVTeamLiveOFC: Petmalu the Movie Mallshow on August 12 | 3 PM at Sta. Lucia Mall. \nKindly DM me or KierViOfficial sa mga gustong mag T','Cinema','Cinema : 1','1','0','0'),('94','Jens_TX','Thu Aug 09 20:09:07 IST 2018','Terminator seeing this picture makes me wonder if I should visit the movie before reviews...','Cinema','Cinema : 2','2','0','0'),('95','AniruddhaSen18','Thu Aug 09 20:09:07 IST 2018','RT SRKUniverse: #FunFact Chennai Express was the first Bollywood movie which was released on the same day in India and in Peru which is on','Cinema','Cinema : 2','2','0','0'),('96','Real_IkOgbonna','Thu Aug 09 20:09:07 IST 2018','RT AMCChannels: BRACE UP FRIENDS! \nTHE WASHERMAN MOVIE WILL BE IN CINEMAS NATIONWIDE FROM 31ST AUGUST!!! \nYipeeee??????\nEtinosaofficia Real','Equal','Cinema : 1, News : 1','1','0','1'),('97','nk08433kumar','Thu Aug 09 20:09:07 IST 2018','RT kingGovardhan: Babu chay_akkineni ????????????????..\nMovie paina expectation roju roju ki perigipothondi, Inka waiting for my small boss... #C','Cinema','Cinema : 1','1','0','0'),('98','SupergirlFanDC','Thu Aug 09 20:09:07 IST 2018','Watching Live with Kelly and Ryan and RubyRose pops up! Talking #Batwoman while promoting her new movie! ??????','Cinema','Cinema : 1','1','0','0'),('99','illyanathirah','Thu Aug 09 20:09:06 IST 2018','Yass. The books were amazing af but the movie were a total flop ','Cinema','Cinema : 2','2','0','0'),('100','xKGCoBhr05bM2GG','Thu Aug 09 20:09:06 IST 2018','drunk bitch i had unprotected sex am i pregnant bulgarian girl fuck cute teen lesbos mature anal movie  ','Cinema','Cinema : 1','1','0','0'),('101','jonathanmentzer','Thu Aug 09 20:09:04 IST 2018','dpshow Went and saw a movie last night, it was rated Arrrrrr.','Cinema','Cinema : 1','1','0','0'),('102','hellhorror','Thu Aug 09 20:09:04 IST 2018','Watch Todays Throwback: #IAmNotaSerialKiller (#2016) - Movie Trailer #movie #trailer #throwback #horror: Billy O\"B','Cinema','Cinema : 2','2','0','0'),('103','Cafe_BeneRP','Thu Aug 09 20:09:04 IST 2018','nebxlaes We havent. Is that your suggested movie and genre?','Cinema','Cinema : 1','1','0','0'),('104','christinamk88','Thu Aug 09 20:09:04 IST 2018','RT DanRather: Another busy news day. Arent they all? But sometimes I turn if off. Because its a warm summer evening? Because Id rather','News',', News : 1','0','0','1'),('105','DustiBrooks7','Thu Aug 09 20:09:03 IST 2018','RT DanRather: Another busy news day. Arent they all? But sometimes I turn if off. Because its a warm summer evening? Because Id rather','News',', News : 1','0','0','1'),('106','antonio97507471','Thu Aug 09 20:09:03 IST 2018','MoviePass why is movie pass still restricting movies?? I thought new plan was no restrictions as far as peak times','Cinema','Cinema : 1','1','0','0'),('107','yuvanrupesh93','Thu Aug 09 20:09:03 IST 2018','RT YSRfilms: #PyaarPremaKaadhal Release Promo #1. Movie Releasing Tomorrow!\n\n?? ','Cinema','Cinema : 4','4','0','0'),('108','SACHINManojVJ','Thu Aug 09 20:09:03 IST 2018','RT mohammedjala3: Movie might not released on the expected date.. But the impact.... \n#Historicthalaivaaday ','Cinema','Cinema : 1','1','0','0'),('109','shounakray','Thu Aug 09 20:09:02 IST 2018','baban_smith TimesNow How many critics gave Ra One 4 stars? Did Ra One get the same acclaim as Mulk? Why are peopl','Others','','0','0','0'),('110','deirdremhopkins','Thu Aug 09 20:09:02 IST 2018','RT TIFF_NET: .markcousinsfilm and EP Tilda Swinton highlight and celebrate the monumental but largely unrecognized efforts of female film','Cinema','Cinema : 1','1','0','0'),('111','cianiahkaela','Thu Aug 09 20:09:02 IST 2018','RT javeigh: Percy Jackson was robbed of what couldve been an amazing movie franchise and Im still mad','Cinema','Cinema : 1','1','0','0'),('112','tiberiuscobra','Thu Aug 09 20:09:02 IST 2018','RT CalmTomb: New Oscar categories:\n\n- Best Movie About the Magic of the Cinema\n- Best Movie That Youll Watch Once \n- Best Movie Thats So','Cinema','Cinema : 5','5','0','0'),('113','BlindedByLust','Thu Aug 09 20:09:01 IST 2018','that Muppets movie looks live lmao','Cinema','Cinema : 1','1','0','0'),('114','anggun_gayatri','Thu Aug 09 20:09:01 IST 2018','RT ahmad_afyandi: Logan Action Full Movie ','Cinema','Cinema : 1','1','0','0'),('115','zinccommunicate','Thu Aug 09 20:09:01 IST 2018','It sounded like something out of a superhero movie and it appears it would be as unsuccessful as a super villains p','Cinema','Cinema : 1','1','0','0'),('116','gregberta','Thu Aug 09 20:09:01 IST 2018','RT mikefarb1: #unhackthevote \nLets say it one more time. Secretary of States should have absolutely no involvement in the Election System','News',', News : 1','0','0','1'),('117','RobinHoodFlower','Thu Aug 09 20:09:01 IST 2018','RT kissmyelite: Beaches in East GB are heaven. Point blank and the period. Why else would pirates of the Caribbean shoot a whole movie the','Cinema','Cinema : 1','1','0','0'),('118','SimplyRujuta','Thu Aug 09 20:09:00 IST 2018','RT Olacabs: #KnowYourAthlete She changed our nations perceptions of women competing in sports forever.\nCan you guess her name? #RoadToGol','Sports',', Sports : 1','0','1','0'),('119','CPheagin','Thu Aug 09 20:09:00 IST 2018','RT LeighScott_STL: You heard it right here for 3 minutes on how all of us, including the Dems have got a o see Dinesh Sousas movie!!\nDeat','Cinema','Cinema : 1','1','0','0'),('120','MarrRowwW1337','Thu Aug 09 20:09:00 IST 2018','material sexy naked avatar girl two hot lesbian girls having sex teen sex movie streaming quit sex adult  ','Cinema','Cinema : 1','1','0','0'),('121','_eliasking_','Thu Aug 09 20:08:59 IST 2018','RT preppapig: this has more emotional impact than any spielberg movie  ','Cinema','Cinema : 1','1','0','0'),('122','cinamonxroll','Thu Aug 09 20:08:59 IST 2018','RT koreanthingy: /krt/ Remember Dobby from Harry Potter the Movie? Heres he now! ','Cinema','Cinema : 1','1','0','0'),('123','MTFIII','Thu Aug 09 20:08:59 IST 2018','The saddest part is that regardless, the movie is likely beyond saving. ','Cinema','Cinema : 1','1','0','0'),('124','owenngrady','Thu Aug 09 20:08:59 IST 2018','mid 2018 and we still get new shots of the fourth movie... ','Cinema','Cinema : 1','1','0','0'),('125','Murali63616363','Thu Aug 09 20:08:59 IST 2018','RT AkhilTarak99: Not only Fans every Movie Lover very exited About NTR movies 1st look & teaser\nWhen NTR Movie Teaser Release\nWhole TFI In','Cinema','Cinema : 4','4','0','0'),('126','virtuallyky','Thu Aug 09 20:08:58 IST 2018','RT RXMANSPHOENIX: jennifer garner and mark ruffalo doing the thriller dance in 13 Going On 30 is one of the best dance sequences in a movi','Cinema','Cinema : 2','2','0','0'),('127','MessedUpKrushem','Thu Aug 09 20:08:58 IST 2018','RT godlycia: friendly reminder that tomi adeyemi, a 24 year old nigerian author, signed a 6 figure movie deal for her breakout fantasy nov','Cinema','Cinema : 1','1','0','0'),('128','krisirex','Thu Aug 09 20:08:58 IST 2018','RT electrolemon: still no oscar for stunt performances/choreography or voice acting but cool, why not add an award for most popular movie,','Cinema','Cinema : 4','4','0','0'),('129','imsorrychrisj','Thu Aug 09 20:08:58 IST 2018','RT BootsRiley: Yo. I just wanna say that even if I disagree with a critic, I still appreciate them for watching and thinking about the mov','Others','','0','0','0'),('130','JonesyJonesJ','Thu Aug 09 20:08:58 IST 2018','RT MMFlint: The trailer to my new movie, œFAHRENHEIT 11/9, was just made public a few minutes ago! œFAHRENHEIT 11/9 is in theaters EVERY','Cinema','Cinema : 2, News : 1','2','0','1'),('131','AishaBhadelia','Thu Aug 09 20:08:58 IST 2018','PenguinUKBooks Ella enchanted was my favorite book. Im still mad about the movie.  Huge reader because my dad was','Cinema','Cinema : 1','1','0','0'),('132','joguttu','Thu Aug 09 20:08:57 IST 2018','atuln DilliDurAst FreshMenuIndia RashmiDaga Sounds like a movie script','Cinema','Cinema : 2','2','0','0'),('133','Griffin11512324','Thu Aug 09 20:08:57 IST 2018','RT aNichiporchik: I had a dream that we were making a #HelloNeighbor movie and Nick_Offerman was playing the main role of the Neighbor. h','Cinema','Cinema : 1','1','0','0'),('134','Aimanio','Thu Aug 09 20:08:56 IST 2018','RT darleenzakir: Ethan Hunt at your service! ????this soundtrack has been in my head everytime the movie comes out. \n\nMission Impossible? An','Cinema','Cinema : 1','1','0','0'),('135','kinoopntgn','Thu Aug 09 20:08:56 IST 2018','RT koreanthingy: /krt/ Remember Dobby from Harry Potter the Movie? Heres he now! ','Cinema','Cinema : 1','1','0','0'),('136','meskygirl','Thu Aug 09 20:08:56 IST 2018','RT gingmoreno1: THE HOWS OF US movie \nSM LIGHT MALL \nAug 30\n7PM \n\nDarren is coming...DM me. Thanks.','Cinema','Cinema : 1','1','0','0'),('137','GabiNoel4','Thu Aug 09 20:08:55 IST 2018','Stay_C14ssy Girl he said he was gonna make a MOVIE. A PRODUCTION. ??','Cinema','Cinema : 1','1','0','0'),('138','sarinastw','Thu Aug 09 20:08:54 IST 2018','rydermanville y e s. like, idk what will become of me when they start doing the promo for the movie. i am weak and','Cinema','Cinema : 2','2','0','0'),('139','HeidyMo','Thu Aug 09 20:08:54 IST 2018','RT TIFF_NET: .markcousinsfilm and EP Tilda Swinton highlight and celebrate the monumental but largely unrecognized efforts of female film','Cinema','Cinema : 1','1','0','0'),('140','dhjkkk_','Thu Aug 09 20:08:54 IST 2018','RT koreanthingy: /krt/ Remember Dobby from Harry Potter the Movie? Heres he now! ','Cinema','Cinema : 1','1','0','0'),('141','malgal3693','Thu Aug 09 20:08:53 IST 2018','RT electrolemon: still no oscar for stunt performances/choreography or voice acting but cool, why not add an award for most popular movie,','Cinema','Cinema : 4','4','0','0'),('142','Spaceshippimp','Thu Aug 09 20:08:53 IST 2018','RT WordOnRdd: Hes 180% going to use it in the movie ','Cinema','Cinema : 1','1','0','0'),('143','nhkmrzmn','Thu Aug 09 20:08:53 IST 2018','What a goosebumps movie','Cinema','Cinema : 1','1','0','0'),('144','vNSkuIFrYXanjWL','Thu Aug 09 20:08:53 IST 2018','lots of sex games twinkie porn sonja walger nude amateur sister brother watch free movie porno hip hop  ','Cinema','Cinema : 1','1','0','0'),('145','KING_TJB','Thu Aug 09 20:08:52 IST 2018','Look like one movie star...I cant remember ','Cinema','Cinema : 1','1','0','0'),('146','_AmmBURR','Thu Aug 09 20:08:52 IST 2018','RT BlackTonyRomo: My girl asking me 20 consecutive questions about a movie that were both watching for the first time. ','Cinema','Cinema : 1','1','0','0'),('147','_jelama','Thu Aug 09 20:08:51 IST 2018','Stay tuned for (possibly) more movie reviews because why be gainfully employed when I can just rot here','Cinema','Cinema : 2','2','0','0'),('148','TimilehinH_','Thu Aug 09 20:08:50 IST 2018','Home the movie part2 please ????','Cinema','Cinema : 1','1','0','0'),('149','buffysmars','Thu Aug 09 20:08:50 IST 2018','the other woman with natalie portman. I gave this one 6.5/10 stars. it was a pretty good movie, but I dont think I','Cinema','Cinema : 1','1','0','0'),('150','Mariajl','Thu Aug 09 20:08:50 IST 2018','JessicaShaw I think it is a valid accomplishment to say that œthis movie is loved/resonated with an astounding am','Cinema','Cinema : 1','1','0','0'),('151','Directedbydes','Thu Aug 09 20:08:49 IST 2018','They look like movie stills ','Cinema','Cinema : 1','1','0','0'),('152','_NeekTweets','Thu Aug 09 20:08:49 IST 2018','RT godlycia: friendly reminder that tomi adeyemi, a 24 year old nigerian author, signed a 6 figure movie deal for her breakout fantasy nov','Cinema','Cinema : 1','1','0','0'),('153','LenkaYixing','Thu Aug 09 20:08:49 IST 2018','RT XingPark: 180809 Yixing reposted director Huang Bos Weibo update: \"Being together is our best memory, thank you Bo ge, thank you for o','Others','','0','0','0'),('154','authorjuliarain','Thu Aug 09 20:08:49 IST 2018','RT SHOUTmyBook: 5 Stars! - Relevant to the world today. Fast paced with lots of tech gadgets and toys. Would make a good movie. lawrenceb','Cinema','Cinema : 1','1','0','0'),('155','LastZetta','Thu Aug 09 20:08:49 IST 2018','RT Incredibleksm: I keep looking at this picture and it almost feels like a scene from a Jerusalem Movie in Kisumu City. #kisumu Lake Vict','Cinema','Cinema : 1','1','0','0'),('156','bobby63813533','Thu Aug 09 20:08:49 IST 2018','RT MassDHFM: Its very very slow..\nFan handles be active until 12AM\nIts the highest in TFI, We should make it highest in India ?? Malli nex','Others','','0','0','0'),('157','A_Thalapathyan','Thu Aug 09 20:08:48 IST 2018','RT AssaulttSethu: The Movie Which Faced Many Hurdles , You May Remove The Tag #TimeToLead From Movie But It Remains Forever In Our Heart ??','Cinema','Cinema : 2','2','0','0'),('158','BrianBiscieglia','Thu Aug 09 20:08:47 IST 2018','OhlerTJ kianangu I thought the first Purge movie sucked, but the next 3 I really like.','Cinema','Cinema : 1','1','0','0'),('159','bellesculpture','Thu Aug 09 20:08:47 IST 2018','RT faisalkhan1401: #HinaWasFirstChoiceFor \nhina was first choice for toilet movie but makers decided to cast orignal toilet','Cinema','Cinema : 1','1','0','0'),('160','dg_riya','Thu Aug 09 20:08:47 IST 2018','RT faisalkhan1401: #HinaWasFirstChoiceFor \nhina was first choice for toilet movie but makers decided to cast orignal toilet','Cinema','Cinema : 1','1','0','0'),('161','fatimahhhabib','Thu Aug 09 20:08:47 IST 2018','I saw this fish in a movie but I didnt know it was real ??\n\nAnd I cant remember the movie to save my life. ','Cinema','Cinema : 2','2','0','0'),('162','ElCarterwan','Thu Aug 09 20:08:46 IST 2018','RT EagleStarNET: The 20-Year Journey of The Meg”the Movie the Internet Wouldnt Let Die ','Cinema','Cinema : 1','1','0','0'),('163','syarakw','Thu Aug 09 20:08:46 IST 2018','The best anime movie ???????? ','Cinema','Cinema : 1','1','0','0'),('164','uwuniondale','Thu Aug 09 20:08:46 IST 2018','Are you gonna watch the II movie?\n\nRT AFTER VOTING','Cinema','Cinema : 1','1','0','0'),('165','evenweirdermove','Thu Aug 09 20:08:45 IST 2018','pretty sure Detroit was the most complicated character in that whole movie despite being a manic pixie comrade or w','Cinema','Cinema : 1','1','0','0'),('166','RoohUll79288323','Thu Aug 09 20:08:45 IST 2018','RT irenaakbar: Weve had enough movies that show Muslim men getting radicalised & bombing places. Does Bollywood have the guts to make a m','Cinema','Cinema : 1','1','0','0'),('167','TheRexologistMD','Thu Aug 09 20:08:45 IST 2018','al_man9696 Apple airpods and a movie set sound mic','Cinema','Cinema : 2','2','0','0'),('168','feuliscatus','Thu Aug 09 20:08:44 IST 2018','RT koreanthingy: /krt/ Remember Dobby from Harry Potter the Movie? Heres he now! ','Cinema','Cinema : 1','1','0','0'),('169','nxsreen_','Thu Aug 09 20:08:44 IST 2018','My gad, i forgot how much i loveeee the movie Mr & Mrs Smith ????','Cinema','Cinema : 1','1','0','0'),('170','rights_of_bill','Thu Aug 09 20:08:44 IST 2018','Theyre just setting it up for the response over the side to the next Melissa McCarthy movie. ','Cinema','Cinema : 1','1','0','0'),('171','LindaEpai457450','Thu Aug 09 20:08:43 IST 2018','RT CherylBond20: PeterJamesK AnOpenSecret Make sure to vocally boycott his new movie coming out! He should be GONE from Hollywood, just','Cinema','Cinema : 1','1','0','0'),('172','titlecharacter','Thu Aug 09 20:08:43 IST 2018','hexomatt I mean dont get me wrong, Id pay movie admission prices just to watch whiny fanboy heads explode at Rir','Cinema','Cinema : 1','1','0','0'),('173','optimistAk','Thu Aug 09 20:08:43 IST 2018','arvindia4u AdiviSesh waiting to watch it.. used the one movie slot we could accommodate for MI-fallout :(  .. btw','Cinema','Cinema : 1','1','0','0'),('174','roh_tweets','Thu Aug 09 20:08:43 IST 2018','RT ManyATrueNerd: The Muppet Avengers.\n\nDont even pretend that wouldnt be the most successful movie of all time.','Cinema','Cinema : 1','1','0','0'),('175','MammaMiaNotter','Thu Aug 09 20:08:43 IST 2018','RT rejectedjokes: I. LOVE. 90S. BLUE. ICONIC. CHARACTERS. I am beyond excited about this movie. Its gonna be amazing. I have been trainin','Cinema','Cinema : 1','1','0','0'),('176','SofiaPotencian2','Thu Aug 09 20:08:43 IST 2018','RT javeigh: Percy Jackson was robbed of what couldve been an amazing movie franchise and Im still mad','Cinema','Cinema : 1','1','0','0'),('177','PhippsDavis','Thu Aug 09 20:08:43 IST 2018','RT dom_ohanlon: Well the Wicked movie has suddenly got more interesting ','Cinema','Cinema : 1','1','0','0'),('178','_JustTayy','Thu Aug 09 20:08:43 IST 2018','RT javeigh: Percy Jackson was robbed of what couldve been an amazing movie franchise and Im still mad','Cinema','Cinema : 1','1','0','0'),('179','DesTiny_Create','Thu Aug 09 20:08:43 IST 2018','RT filmymantra: Hello #Contest Sports!\nHeres #GeniusTheMovieContest for you...\n5 Couple movie tickets are up for Grab!\nDo follow ALL the','Equal','Cinema : 1, Sports : 1','1','1','0'),('180','jazzyjsutton','Thu Aug 09 20:08:42 IST 2018','RT emiliaheards: People: œI want more diversity in superhero movies! *Makes speeches on twitter of wanting more diversity*\n\n*Sabans power','News',', News : 1','0','0','1'),('181','yaya17017','Thu Aug 09 20:08:42 IST 2018','RT MMFlint: The trailer to my new movie, œFAHRENHEIT 11/9, was just made public a few minutes ago! œFAHRENHEIT 11/9 is in theaters EVERY','Cinema','Cinema : 2, News : 1','2','0','1'),('182','PornJavHD1979','Thu Aug 09 20:08:42 IST 2018','PornJavHD Free - PornJavHD Video Premium - [SCOP-504] This College Girl Got Drunk And Out Of Control At The Welcomi','Others','','0','0','0'),('183','prasad_tark9999','Thu Aug 09 20:08:41 IST 2018','RT AkhilTarak99: Not only Fans every Movie Lover very exited About NTR movies 1st look & teaser\nWhen NTR Movie Teaser Release\nWhole TFI In','Cinema','Cinema : 4','4','0','0'),('184','nareshkarnati9','Thu Aug 09 20:08:41 IST 2018','RT chandraNTR999: Exciting news will be out in two weeks about #AravindhaSametha movie\n Most probably #AravindhaSamethaTeaser \nAre you get','Equal','Cinema : 1, News : 1','1','0','1'),('185','J_cash1','Thu Aug 09 20:08:41 IST 2018','RT theweeknd: the best movie Ive seen all fucking year. top of the list. truly a gritty masterpiece. Congrats to the Safdie brothers JOS','Cinema','Cinema : 1','1','0','0'),('186','Iazymood','Thu Aug 09 20:08:41 IST 2018','filmthemoon OMG. ugh i feel bad for not finishing this movie with you ??','Cinema','Cinema : 1','1','0','0'),('187','flirtyminjoon','Thu Aug 09 20:08:41 IST 2018','I didnt even know there was a bnha movie lol','Cinema','Cinema : 1','1','0','0'),('188','Luvo_Zulu','Thu Aug 09 20:08:41 IST 2018','RT ThandoNomvalo: It comes with great joy to announce that our movie trailer \"Imbokodo Rock The Journal\" is now out on YouTube. \n\nPlease c','Cinema','Cinema : 2','2','0','0'),('189','saik0202','Thu Aug 09 20:08:41 IST 2018','RT AkhilTarak99: Not only Fans every Movie Lover very exited About NTR movies 1st look & teaser\nWhen NTR Movie Teaser Release\nWhole TFI In','Cinema','Cinema : 4','4','0','0'),('190','Kouturely','Thu Aug 09 20:08:40 IST 2018','RT Teeallise: Daytona needs a drive in movie theatre..','Cinema','Cinema : 1','1','0','0'),('191','carpedisera','Thu Aug 09 20:08:40 IST 2018','\"Shut Up and sit down, you big bald fuck!!!\". Best line in a movie ever. Love Snatch','Cinema','Cinema : 1','1','0','0'),('192','KevinSeawrightt','Thu Aug 09 20:11:04 IST 2018','New song THE MAN WHO WALKED BACKWARD by Ben Montgomery Read by MacLeod Andrews - Audiobook Excerpt by HachetteAudio','Cinema','Cinema : 1','1','0','0'),('193','kingjordy22','Thu Aug 09 20:11:04 IST 2018','RT RappersSaid: Tory Lanez has a song with Bryson Tiller releasing next Friday ?????? ','Cinema','Cinema : 2','2','0','0'),('194','1AaronJustice','Thu Aug 09 20:11:04 IST 2018','_ImperatorRex_ Nelly song - ITS GETTING HOT IN HURRRR','Cinema','Cinema : 1','1','0','0'),('195','samboswerve','Thu Aug 09 20:11:04 IST 2018','RT RapAccess: Tory Lanez has a song with Bryson Tiller dropping next Friday ','Cinema','Cinema : 1','1','0','0'),('196','anchorandarope','Thu Aug 09 20:11:04 IST 2018','RT iluvolliewalter: you stole your biggest song from a tiny independent artist and act like youre self made when the only reason youre f','Cinema','Cinema : 1','1','0','0'),('197','SquadXnine','Thu Aug 09 20:11:03 IST 2018','Wu Jia Cheng performance with Kim Samuel\n( Chaoyinzhanji ep5)\nSong title: Pray For you \nSource:','Cinema','Cinema : 1','1','0','0'),('198','mix_maestroedj','Thu Aug 09 20:11:03 IST 2018','RT OnlyTshepo: MY ALL TIME FAV BY PRO. THIS SONG STILL KEEPS ME GOING! STILL MAKES ME ACCEPT MY UNFORTUNATE SITUATION. R.I.P BEST RAPPER O','Cinema','Cinema : 1','1','0','0'),('199','magiclegend93','Thu Aug 09 20:11:03 IST 2018','The song Freak Me is being released under Beauty Marks Entertainment. This is second single Ciara to ne release under that imprint!','Cinema','Cinema : 3','3','0','0'),('200','KGJoseph','Thu Aug 09 20:11:03 IST 2018','The_Raheel wrong song dawg that was it aint no fun if the homies cant have none! Please verify DELv2','Cinema','Cinema : 1','1','0','0'),('201','ADELODU03789142','Thu Aug 09 20:11:02 IST 2018','RT OsasCruz: NBC Ban Falz #ThisIsNigeria ??\n\nSongs and Videos that are promoting social vices are there, they didnt Ban. \n\nA song that is','Equal','Cinema : 1, News : 1','1','0','1'),('202','janndro','Thu Aug 09 20:11:01 IST 2018','RT alextumay: You can support engineers without saying artists and producers couldnt do it without them. No reason to cause a divide when','Cinema','Cinema : 1','1','0','0'),('203','zachgibson_17','Thu Aug 09 20:11:01 IST 2018','RT RappersSaid: Tory Lanez has a song with Bryson Tiller releasing next Friday ?????? ','Cinema','Cinema : 2','2','0','0'),('204','AmyyHudd','Thu Aug 09 20:11:01 IST 2018','RT LadyLeshurr: Listen, me & LethalBizzle are dropping a song today on GRMDAILY at 6pm it is MAD dont miss it trust me ?????? #GRIME https','Cinema','Cinema : 1','1','0','0'),('205','jurpizza','Thu Aug 09 20:11:01 IST 2018','i actually wanna dance to this song on the street rn \n','Cinema','Cinema : 2','2','0','0'),('206','joevecchiorocks','Thu Aug 09 20:11:01 IST 2018','...its ok, you found yourself, ridin it down... Song \"its ok\" by #JoeVecchio #singer #songwriter #RecordingArtist ','Cinema','Cinema : 1','1','0','0'),('207','tastyvideo','Thu Aug 09 20:11:01 IST 2018','breadb0i Yeah the song I tuned into was bad. This one is nice. As with most groups from them their sound is very unpolished','Cinema','Cinema : 2','2','0','0'),('208','youngbae_7','Thu Aug 09 20:11:01 IST 2018','SHINSADONG TIGER is permanently banned from making another song for EXID btw im not dealing with all this plagiarism shit anymore','Cinema','Cinema : 1','1','0','0'),('209','MeganAn40723184','Thu Aug 09 20:11:00 IST 2018','RT samuelbettley: Lets switch this up.... Whats YOUR favorite song off the new record? ;)','Cinema','Cinema : 1','1','0','0'),('210','julia_femur','Thu Aug 09 20:11:00 IST 2018','RT 1DV0tingTeam: VOTE ATTACK!\nPlease, retweet and reply with the hashtags your favourite song from \"Take me home\". Arent we the best fand','Cinema','Cinema : 1','1','0','0'),('211','nevilleokashira','Thu Aug 09 20:11:00 IST 2018','TyffaniHarvey ¢ Thank you the noble traveler for your visit, I await the day of your return. As a form of thanks I','Others','','0','0','0'),('212','Mrs_ClickClack','Thu Aug 09 20:11:00 IST 2018','RT V1NCHY: Rt if you know exactly what song this is ','Cinema','Cinema : 1','1','0','0'),('213','sydschoen','Thu Aug 09 20:11:00 IST 2018','RT OfficeScenes: *office theme song starts playing*\n\nfriend: œoh dear god\n\nme:  ','Cinema','Cinema : 1','1','0','0'),('214','bwiante','Thu Aug 09 20:11:00 IST 2018','taeluss jin paved the way for basshunter and his song isnt even out yet','Cinema','Cinema : 1','1','0','0'),('215','mfl3cy','Thu Aug 09 20:10:59 IST 2018','Still love this song, and part of me still wants chains for all of my cymbal stands. Cant wait to see them tonight','Cinema','Cinema : 1','1','0','0'),('216','ifntlygncd','Thu Aug 09 20:10:59 IST 2018','holy i love this song','Cinema','Cinema : 1','1','0','0'),('217','cryrobin','Thu Aug 09 20:10:59 IST 2018','RT chuuvn: me after listening to every song vernon recommends ','Cinema','Cinema : 1','1','0','0'),('218','CrossFitUCS','Thu Aug 09 20:10:59 IST 2018','michaelishustle TrueAndBartleby bobgoff Man that wishing tree song gets stuck in my head every time my little gi','Cinema','Cinema : 1','1','0','0'),('219','lduroni','Thu Aug 09 20:10:58 IST 2018','RT JalynnJones0: Michael really outdid Thriller with Ghost idc what nobody says the choreography THE SONG >>> ','Cinema','Cinema : 2','2','0','0'),('220','shekweenk','Thu Aug 09 20:10:58 IST 2018','œI Care is such a hurt Bitch song I love it lmao','Cinema','Cinema : 1','1','0','0'),('221','jibeomb','Thu Aug 09 20:10:58 IST 2018','This song has that powerful fanchants','Cinema','Cinema : 1','1','0','0'),('222','mp3_answer','Thu Aug 09 20:10:58 IST 2018','RT postgradksjin: in anticipation for jins solo song being released (in a few hours? in a few days? soon??) some armys and i came up with','Cinema','Cinema : 1','1','0','0'),('223','SaratheSuwaidi','Thu Aug 09 20:10:57 IST 2018','RT eliesaaab: What song reminds you of Audrey Hepburn','Cinema','Cinema : 1','1','0','0'),('224','astubbornheart','Thu Aug 09 20:10:57 IST 2018','RT notSWStheband: Okay so OffendedBand released a new song and yall should listen to this (and rt this tweet because theyre doing a give','Cinema','Cinema : 1','1','0','0'),('225','cagle_amanda','Thu Aug 09 20:10:57 IST 2018','RT BrianCooperGeo: Dont break up with him for never hearing that song.  Make him listen to it.  And then if you catch him hanging out the','Cinema','Cinema : 1','1','0','0'),('226','AmaijhaMendes','Thu Aug 09 20:10:57 IST 2018','This. Song. Is. Amazing. ???????? #8Letters ','Cinema','Cinema : 1','1','0','0'),('227','WABISUK93302446','Thu Aug 09 20:10:57 IST 2018','RT jhainley1: ????The Lord is my strength and my shield; in him my heart trusts, and I am helped; my heart exults, and with my song I give','Cinema','Cinema : 1','1','0','0'),('228','DavidTchini','Thu Aug 09 20:10:57 IST 2018','RT WesleyWoolfall: Heres a song for youMedley by najwakaram vmas BBC6Music\n','Cinema','Cinema : 1','1','0','0'),('229','lookatmyfvce','Thu Aug 09 20:10:57 IST 2018','RT RapAccess: Tory Lanez has a song with Bryson Tiller dropping next Friday ','Cinema','Cinema : 1','1','0','0'),('230','kaaaaeeel','Thu Aug 09 20:10:57 IST 2018','were gonna write the saddest song','Cinema','Cinema : 1','1','0','0'),('231','hobihopefull','Thu Aug 09 20:10:57 IST 2018','better now is actually a good song damn','Cinema','Cinema : 1','1','0','0'),('232','zkdbbh','Thu Aug 09 20:10:57 IST 2018','RT iKONXPICTURE: Song Yunhyeong is the freaking definition of perfection.\n\nÂ©NightOwl_Suzie ','Cinema','Cinema : 1','1','0','0'),('233','dr_ballache','Thu Aug 09 20:10:57 IST 2018','NickdeSemlyen Terri_White My kids would love those! 3 year year old did the ˜Baby Shark Do Do Do Do Do song and','Cinema','Cinema : 1','1','0','0'),('234','efflictimm','Thu Aug 09 20:10:57 IST 2018','I really did karaoke last night to no scrubs. I went up there a good 3 times before it was my turn asking where is','Others','','0','0','0'),('235','cornflakeguy','Thu Aug 09 20:10:57 IST 2018','unclebarkycom jasonwheelertv Im a WFAA News P1, but I am not a fan of Tegna changes, starting with losing The Sp','News',', News : 1','0','0','1'),('236','virigoz','Thu Aug 09 20:10:57 IST 2018','RT doolsetbangtan: music markets including the ones in Japan and in the US in addition to their domestic performances. BTS_twt are singer','Cinema','Cinema : 2, News : 1','2','0','1'),('237','seifeslam20','Thu Aug 09 20:10:56 IST 2018','RT _poetryandsins: do you ever get this really weird vibe from a song its like whenever you listen to it you feel really sad but your hea','Cinema','Cinema : 1','1','0','0'),('238','purplejiwon','Thu Aug 09 20:10:56 IST 2018','RT 1MermaidTv: iKON a one hit wonder? DEBUNKED Lmfaoo \n\n.......A thread \n\n1. Debuted with 18 roof hits in 2015 & became theÂ 1st Boy groupÂ ','Others','','0','0','0'),('239','kumarwinn','Thu Aug 09 20:10:56 IST 2018','RT wunderbarfilms: #NikkalNikkal Video Song Out Now!\n\n#NikkalNikkal Video Song from #Kaala ?? ','Cinema','Cinema : 2','2','0','0'),('240','WonderfulSiaF','Thu Aug 09 20:10:56 IST 2018','RT HasanLovesSia: Sias chorus in \"Thunderclouds\" is similar to her old songs ,and the last note in the song is the same last vocal in her','Cinema','Cinema : 1','1','0','0'),('241','tiiraminsu','Thu Aug 09 20:10:56 IST 2018','RT 4kihyuk: ??do you remember that, when we played that game with wonho and made eye contact I thought we would choose each other ..\n\nTHE S','Others','','0','0','0'),('242','HometownProd','Thu Aug 09 20:10:56 IST 2018','RT huzzah_frib: Whats your favorite song in a tv show or movie? I wanna play it on my radio show tomorrow and am feeling lazy help me o u','Cinema','Cinema : 2, Sports : 1','2','1','0'),('243','HArring31875891','Thu Aug 09 20:10:56 IST 2018','SassCBrown YouTube Good ole classic gospel song','Cinema','Cinema : 2','2','0','0'),('244','yutamotto','Thu Aug 09 20:10:55 IST 2018','RT Baby_Mama97: ?? OMG I never heard about name them before  but They are excellent and I love this song ????\n\nLets go support them ?????\n\nhtt','Cinema','Cinema : 1','1','0','0'),('245','flrtgk','Thu Aug 09 20:10:55 IST 2018','If JINTRO drops tonight, ill be posting a cover of a song BTS_twt','Cinema','Cinema : 1','1','0','0'),('246','Mayte2513','Thu Aug 09 20:10:55 IST 2018','RT sugafull27: K: Dohyun is also famous for (being) ARMY. Hes same as you hyung. (Official ARMY Lee KyungGyu)\nL: (You ARMY too?) \n(they h','News',', News : 1','0','0','1'),('247','thegallerygang','Thu Aug 09 20:10:55 IST 2018','ManginPacome muse Dominic_Howard Yes I actually tried to create a drum part on the song !','Cinema','Cinema : 1','1','0','0'),('248','bbhxwillis','Thu Aug 09 20:10:55 IST 2018','amusingjonghyun Whats the name of this song?','Cinema','Cinema : 1','1','0','0'),('249','RobertW83887006','Thu Aug 09 20:10:55 IST 2018','edelelynch For your Words Greetings from me with The Song  Stop for a Minute  from  Sandra  and   Let s  wait a','Cinema','Cinema : 1','1','0','0'),('250','joellasuggyy','Thu Aug 09 20:10:55 IST 2018','RT Joe_Sugg: If this tweet gets exactly 75,684 RTs Ill upload my very first cover song to YouTube ;)','Cinema','Cinema : 1','1','0','0'),('251','Kristinaa1106','Thu Aug 09 20:10:54 IST 2018','RT WuYiFan_KrisBar: 180809 KrisWu Studio Weibo update\n\nThe 2nd Chinese song of Kris Wus first album <Hold Me Down> (Chinese Version) wil','Cinema','Cinema : 2','2','0','0'),('252','danaayx3','Thu Aug 09 20:10:54 IST 2018','RT l6ix9ine: New 6ix9ine song ft. Anuel AA ','Cinema','Cinema : 1','1','0','0'),('253','prettymyoui','Thu Aug 09 20:10:54 IST 2018','RT PopCrush: Still angry the #VMAs straight-up ignored K-pop, #ONCE? Get JYPETWICE the recognition they deserve and vote #Likey for Song','Cinema','Cinema : 1','1','0','0'),('254','thebluealienn','Thu Aug 09 20:10:54 IST 2018','RT chartsccabello: ˜Havana has now over 3 billion combined streams on Spotify and YouTube. This is the 3rd and fastest female song in his','Cinema','Cinema : 1','1','0','0'),('255','Mnqobi98915617','Thu Aug 09 20:10:53 IST 2018','RT VusiNova: Not sure where they got the song from  cause its not out yet, but I love this. #Usezondibona ','Cinema','Cinema : 1','1','0','0'),('256','alecute12','Thu Aug 09 20:10:53 IST 2018','RT bangstan7: Imagine yourself at a BTS concert and this song comes up, how would u feel? ','Cinema','Cinema : 1','1','0','0'),('257','DavidTchini','Thu Aug 09 20:10:52 IST 2018','RT WesleyWoolfall: Heres a song for youShou Malilah by najwakaram ??\n','Cinema','Cinema : 1','1','0','0'),('258','fredokahlo','Thu Aug 09 20:10:52 IST 2018','literally every single song I love was played in the two nights, but mostly on night 2. I was in heaven ugh.','Cinema','Cinema : 1','1','0','0'),('259','Xxkittysoftpaws','Thu Aug 09 20:10:52 IST 2018','I added a video to a YouTube playlist ','Others','','0','0','0'),('260','kwonsarahxxi','Thu Aug 09 20:10:52 IST 2018','RT soydna: SEUNGYOON: \" the song came out really well. Please wait just a bit more?? \" \nWINNER is coming or his solo album lol I cant wait','Cinema','Cinema : 2','2','0','0'),('261','mr_chittaphon','Thu Aug 09 20:10:52 IST 2018','Hyos song that Lucas shows up in during smtown has been stuck in my head for 2 WEEKS help','Cinema','Cinema : 1','1','0','0'),('262','Pikaboi','Thu Aug 09 20:10:52 IST 2018','RT BandaiNamcoUK: Were pleased to announce that Taiko no Tatsujin: Drum ˜n Fun! for Nintendo Switch will be available digitally and phys','Others','','0','0','0'),('263','mygsmaze','Thu Aug 09 20:10:52 IST 2018','my mum came out of her room and just “ œna, lets make a song called im so sleepy ddaeng','Cinema','Cinema : 1','1','0','0'),('264','loveelymj','Thu Aug 09 20:10:52 IST 2018','RT ROCKet_225: Thank you M Countdown for allowing ASTRO to perform their song ?????? WE LOVE YOU offclASTRO #???? #ASTRO ','Cinema','Cinema : 1','1','0','0'),('265','jennifervensel','Thu Aug 09 20:10:52 IST 2018','People are way too fucking sensitive anymore. Its 2018, get a grip. This song is one of my favorites! Keep on boys! ','Equal','Cinema : 1, News : 1','1','0','1'),('266','MonroeOFF','Thu Aug 09 20:10:51 IST 2018','RT GSideOFFICIAL: WE HAVE SOMETHING AMAZING TO SHARE WITH YOU ?? \n\nCan you guess the song ??\n\nStay tuned \n\nSubscribe to our YouTube channel','Cinema','Cinema : 1','1','0','0'),('267','LilianLT_','Thu Aug 09 20:10:51 IST 2018','RT darkpjimin: Every time they end some concept and era I feel sad and happy at the same time, happy because I was part of something beaut','Others','','0','0','0'),('268','verygay4u','Thu Aug 09 20:10:51 IST 2018','RT soleilhobi: what if hoseok starts performing airplane pt. 1 and then the song transitions into airplane pt. 2 ....','Cinema','Cinema : 1','1','0','0'),('269','KingPR__','Thu Aug 09 20:10:51 IST 2018','RT segalink: ??Instead of them to address the issues raised, they will try to suppress The truth but this action will only make the song mo','Cinema','Cinema : 1','1','0','0'),('270','MorgannnBeth','Thu Aug 09 20:10:51 IST 2018','RIP Screw is my favorite song off of Astroworld','Cinema','Cinema : 1','1','0','0'),('271','fig_lover','Thu Aug 09 20:10:51 IST 2018','RT brenmccracken: I wrote about NapEyes”one of my favourite bands here or anywhere”for TwitCoast this week! Nigel and I spoke about the','Others','','0','0','0'),('272','thatdame','Thu Aug 09 20:10:51 IST 2018','B_WantUchies I only like a couple song, that production is annoying to me','Cinema','Cinema : 1','1','0','0'),('273','hariharan41098','Thu Aug 09 20:10:51 IST 2018','RT VijayFans_Army: A special design for 1 year of #AalaporaanThamizhan song will be revealed at 7pm today....!!???\nTeam_CDT VijayFans_Arm','Cinema','Cinema : 1','1','0','0'),('274','AliSunnySafwan','Thu Aug 09 20:10:51 IST 2018','WORKING NINEE TO FIVEEE\n(Bas ek month aur bhenchod) ” listening to 9 to 5 (Dolly Parton song)','Cinema','Cinema : 1','1','0','0'),('275','toobiforthis','Thu Aug 09 20:10:51 IST 2018','RT kangtong91: Heres a song for youWhat do you want? by KEN\n','Cinema','Cinema : 1','1','0','0'),('276','VictoriaMixon','Thu Aug 09 20:10:51 IST 2018','nmllalonde That ENTIRE SONG is about Bernie. It doesnt even need tweaking:\n\nIf you go carrying pictures of Chairm','Cinema','Cinema : 1','1','0','0'),('277','BellaSanchez29','Thu Aug 09 20:10:50 IST 2018','RT SeaveyDaniel: I love you all so much this is crazy. I just cant believe how much love and support we get from you guys. Im so glad yo','Others','','0','0','0'),('278','__miikaylaaa','Thu Aug 09 20:10:50 IST 2018','RT JalynnJones0: Michael really outdid Thriller with Ghost idc what nobody says the choreography THE SONG >>> ','Cinema','Cinema : 2','2','0','0'),('279','DengSykes','Thu Aug 09 20:10:50 IST 2018','Vanilla Twilight by Owl City ?? Im  so in love with this song','Cinema','Cinema : 1','1','0','0'),('280','Ineshiiey1','Thu Aug 09 20:10:50 IST 2018','RT ThulaniMilano: If you still remember this song. You should be married by now and having 6 grandkids minimum\n???????? ','Cinema','Cinema : 1','1','0','0'),('281','kevdoanstan','Thu Aug 09 20:10:50 IST 2018','btw please listen to darwin deezs new song, say it first ! its really good and i love him darwindeez pls support him yuss','Cinema','Cinema : 1','1','0','0'),('282','ILVOLOMIAMI','Thu Aug 09 20:10:50 IST 2018','for KING & COUNTRY - joy. (Lyric Video) (4K) ','Others','','0','0','0'),('283','Framezshochin','Thu Aug 09 20:10:50 IST 2018','Sk and sona - life is gucci\nNice song bross','Cinema','Cinema : 1','1','0','0'),('284','_bangtankth','Thu Aug 09 20:10:49 IST 2018','RT ilsanspjm: daily reminder that joon said bts collabed with one of his favourite artists and that the song will be on answer','Cinema','Cinema : 2','2','0','0'),('285','expIicitbangtan','Thu Aug 09 20:10:48 IST 2018','Forgot that i saved 25 song last night.., weird','Cinema','Cinema : 1','1','0','0'),('286','leave_the_city_','Thu Aug 09 20:10:48 IST 2018','RT trapdoorman: dont judge a song by its name we literally love a song called the pantaloon','Cinema','Cinema : 2','2','0','0'),('287','peachyharu','Thu Aug 09 20:10:47 IST 2018','RT genius_mino: minos v lives are all full of the best quality contents~he will play the songs for you, he will do free style rap, he wil','Sports',', Sports : 1','0','1','0'),('288','eloquentjimin','Thu Aug 09 20:10:47 IST 2018','RT darkpjimin: Every time they end some concept and era I feel sad and happy at the same time, happy because I was part of something beaut','Others','','0','0','0'),('289','ElaineOmozusi','Thu Aug 09 20:10:47 IST 2018','You go fear oh. Because of song? Lmao! ','Cinema','Cinema : 1','1','0','0'),('290','Lebohang20S','Thu Aug 09 20:10:47 IST 2018','RT Kabomo: Prokid jumped on that stage, backed by a friend of his called Maggs and immediately started doing a hook to one of his songs ca','Others','','0','0','0'),('291','MsMicheleNicole','Thu Aug 09 20:10:47 IST 2018','RT ImPepperAnne: I love this song  RT drizzyxcole: When I tell you the clown came back to BITE! literally!!! JSKDKDKFKF. ','Cinema','Cinema : 1','1','0','0'),('292','RaganSanders8','Thu Aug 09 20:11:06 IST 2018','RT AmberxWDW: So an album release this month, not just any album release. The first every album of wdw, the first of many. No more 4/5 son','Cinema','Cinema : 5','5','0','0'),('293','magiclegend93','Thu Aug 09 20:11:03 IST 2018','The song Freak Me is being released under Beauty Marks Entertainment. This is second single Ciara to ne release under that imprint!','Cinema','Cinema : 3','3','0','0'),('294','anxiousbish_','Thu Aug 09 20:10:47 IST 2018','RT HeavyDirtyTree_: WAIT. so Tyler and Josh purposely leaked the song early for US. that was them saying here is YOUR song. the next day t','Cinema','Cinema : 2','2','0','0'),('295','TheRealKhosta','Thu Aug 09 20:10:26 IST 2018','ComplexMusic Lmao that song not even an official release doe','Cinema','Cinema : 2, News : 1','2','0','1'),('296','NalediMunaka','Thu Aug 09 20:10:24 IST 2018','RT queennaija: This is old yall! Its a gospel song I wrote.. should I release ? ','Cinema','Cinema : 2','2','0','0'),('297','smithanandp171','Thu Aug 09 20:10:09 IST 2018','RT ChennaiTimesTOI: The video song of #VilambaraIdaiveli  from #ImaikkaaNodigal to release tomorrow at 5 pm  hiphoptamizha  KabilanVai','Cinema','Cinema : 2','2','0','0'),('298','ForeverTae309','Thu Aug 09 20:09:59 IST 2018','RT 309KTYSS: D-1 Taeyeons SM STATION Song??\n\nTaeyeon & MeloMance to release Page 0 on AUGUST 10, 6 PM KST ????\n\nCheck out the MV teaser!\nY','Cinema','Cinema : 2','2','0','0'),('299','MTSManagement','Thu Aug 09 20:09:44 IST 2018','RT avaliveradio: A new release from a friend in Canada. Lets show some support for her NEW Song. Victoria_Watts1  AnjaKotar  kayleesha','Cinema','Cinema : 2','2','0','0'),('300','SanmitAdawadkar','Thu Aug 09 20:09:05 IST 2018','Pls release that Rain Fight Song Video ?????? ','Cinema','Cinema : 2','2','0','0'),('301','JLoFrance12','Thu Aug 09 20:08:51 IST 2018','RT FarhanJLOVER: It`s rumored JLo is going to release a new song next week & ready to perform at 2018 VMAs! she is also is going to perf','Cinema','Cinema : 2','2','0','0'),('302','dysabevs','Thu Aug 09 20:08:41 IST 2018','RT jiminandme: What if bangtan release a group song & mv with title Answer instead just like they did with EPILOGUE: Young Forever','Cinema','Cinema : 2','2','0','0'),('303','Sphe09014438','Thu Aug 09 20:07:52 IST 2018','RT PrinceKaybee_SA: The song after #ClubController\n\nPlayed it for our in-house engineer yesterday.\n\nAnnouncing a release date soon, thank','Cinema','Cinema : 2','2','0','0'),('304','nicolealsair','Thu Aug 09 20:07:33 IST 2018','Cant believe we are hours away of the Know album release!!! Cant wait to listen to every song like a 100 times ea','Cinema','Cinema : 3','3','0','0'),('305','maretta_0911','Thu Aug 09 20:07:26 IST 2018','RT AmberxWDW: So an album release this month, not just any album release. The first every album of wdw, the first of many. No more 4/5 son','Cinema','Cinema : 5','5','0','0'),('306','jordanmerc','Thu Aug 09 20:06:51 IST 2018','RT AmberxWDW: So an album release this month, not just any album release. The first every album of wdw, the first of many. No more 4/5 son','Cinema','Cinema : 5','5','0','0'),('307','dybalagarrix','Thu Aug 09 20:06:14 IST 2018','RT R3HAB: Should I release this song tomorrow?!? If yes hit me with a emoji ???? ','Cinema','Cinema : 2','2','0','0'),('308','capscoupscino','Thu Aug 09 20:05:46 IST 2018','RT theseoulstory: From covering his song to an actual collab; SEVENTEEN Dokyeom & Yang Dail announce duet song for release August 9th http','Cinema','Cinema : 3','3','0','0'),('309','dsmcr69','Thu Aug 09 20:05:46 IST 2018','RT ALPHAOMEGAMgmt: SON OF A SHOTGUN Release Recap from CANNIBAL CORPSE Shows, New Song Unveiled!\n\nNorwegian one-man-band, Ivan œMeathook','Cinema','Cinema : 2','2','0','0'),('310','CaesarImagine','Thu Aug 09 20:05:40 IST 2018','RT R3HAB: Should I release this song tomorrow?!? If yes hit me with a emoji ???? ','Cinema','Cinema : 2','2','0','0'),('311','FarhanJLOVER','Thu Aug 09 20:05:21 IST 2018','It`s rumored JLo is going to release a new song next week & ready to perform at 2018 VMAs! she is also is going t','Cinema','Cinema : 2','2','0','0'),('312','bbikbbik12','Thu Aug 09 20:04:55 IST 2018','RT K_Life88: Can you believe YG refused to release BIGBANGs Blue as a single, its BB who fought to release the song. \n\n??first song from','Cinema','Cinema : 4','4','0','0'),('313','Bennet8Mckenzie','Thu Aug 09 20:04:54 IST 2018','RT AmberxWDW: So an album release this month, not just any album release. The first every album of wdw, the first of many. No more 4/5 son','Cinema','Cinema : 5','5','0','0'),('314','SG_ShiningStar','Thu Aug 09 20:04:51 IST 2018','RT nimasha4sg: Literally we were waiting around 15 mon to get this masterpiece. shreyaghoshal Cant wait to listen 1st ever Wild Life Ant','Others','','0','0','0'),('315','AppohJay','Thu Aug 09 20:04:20 IST 2018','RT 1Arabicman: Kaii I really cant wait for everyone to listen to this song Im releasing titled  #MORETHAN I need your full support guys','Cinema','Cinema : 2','2','0','0'),('316','_vvip_18','Thu Aug 09 20:04:05 IST 2018','RT K_Life88: Can you believe YG refused to release BIGBANGs Blue as a single, its BB who fought to release the song. \n\n??first song from','Cinema','Cinema : 4','4','0','0'),('317','snowingwdw','Thu Aug 09 20:04:03 IST 2018','RT AmberxWDW: So an album release this month, not just any album release. The first every album of wdw, the first of many. No more 4/5 son','Cinema','Cinema : 5','5','0','0'),('318','pmo1014','Thu Aug 09 20:03:45 IST 2018','RT K_Life88: Can you believe YG refused to release BIGBANGs Blue as a single, its BB who fought to release the song. \n\n??first song from','Cinema','Cinema : 4','4','0','0'),('319','baejongwonu','Thu Aug 09 20:03:43 IST 2018','RT theseoulstory: From covering his song to an actual collab; SEVENTEEN Dokyeom & Yang Dail announce duet song for release August 9th http','Cinema','Cinema : 3','3','0','0'),('320','_1ff4h_','Thu Aug 09 20:03:33 IST 2018','RT chIorinejoseph: tyler: *leaks levitate*\n\ntyler: oh no josh levitate got leaked\n\njosh: tyler you-\n\ntyler: oH WELL WE SHOULD JUST RELEASE','Cinema','Cinema : 1','1','0','0'),('321','BlurryNicoFace','Thu Aug 09 20:03:06 IST 2018','RT chIorinejoseph: tyler: *leaks levitate*\n\ntyler: oh no josh levitate got leaked\n\njosh: tyler you-\n\ntyler: oH WELL WE SHOULD JUST RELEASE','Cinema','Cinema : 1','1','0','0'),('322','Younginfargo','Thu Aug 09 20:02:54 IST 2018','I got the leak of NWA BABY, listened to that trash only once.\nNow Im praying fervently to God that the official re','News',', News : 1','0','0','1'),('323','HaileyBonner2','Thu Aug 09 20:02:38 IST 2018','BTS_twt Ive read this so many times already and for some reason Im getting a real bad feeling, and I dont like i','Others','','0','0','0'),('324','flyingJiiwon','Thu Aug 09 20:02:36 IST 2018','Aaaaah Peno is going to release his song coco bottle on the 15th omg ','Cinema','Cinema : 2','2','0','0'),('325','HERRONXGRAY','Thu Aug 09 20:02:22 IST 2018','RT AmberxWDW: So an album release this month, not just any album release. The first every album of wdw, the first of many. No more 4/5 son','Cinema','Cinema : 5','5','0','0'),('326','parkingsehun','Thu Aug 09 20:02:04 IST 2018','RT xunhuas: At the launching show, Baekhyun x Locos collaboration was mentioned & theyre said to hv prepared a rly well-suited/good song','Cinema','Cinema : 1','1','0','0'),('327','dxxyxxl','Thu Aug 09 20:01:47 IST 2018','RT jiyongchybimin: T.O.P started as a popular underground rapper taking up the stage name TEMPO, release his song œBuckwild featuring NBK','Cinema','Cinema : 3','3','0','0'),('328','kellysia_halim','Thu Aug 09 20:01:08 IST 2018','RT morningpassages: Though it is a station release, can we treat Sehun and Chanyeols upcoming track like a promotional comeback song and','Cinema','Cinema : 2, News : 1','2','0','1'),('329','BritAsiaTV','Thu Aug 09 20:00:37 IST 2018','?? #Monobina is the latest song to be released from the upcoming Bollywood movie #Gold starring akshaykumar ??\n\nChec','Cinema','Cinema : 3','3','0','0'),('330','SporaYora2','Thu Aug 09 20:00:16 IST 2018','RT jiminandme: What if bangtan release a group song & mv with title Answer instead just like they did with EPILOGUE: Young Forever','Cinema','Cinema : 2','2','0','0'),('331','furance_azhelle','Thu Aug 09 19:59:59 IST 2018','RT chIorinejoseph: tyler: *leaks levitate*\n\ntyler: oh no josh levitate got leaked\n\njosh: tyler you-\n\ntyler: oH WELL WE SHOULD JUST RELEASE','Cinema','Cinema : 1','1','0','0'),('332','nimasha4sg','Thu Aug 09 19:59:42 IST 2018','Literally we were waiting around 15 mon to get this masterpiece. shreyaghoshal Cant wait to listen 1st ever Wild','Others','','0','0','0'),('333','absolutelyCYJ','Thu Aug 09 19:59:41 IST 2018','Does anyone know when exactly is the release date of the new unification song with Youngjae?','Cinema','Cinema : 2','2','0','0'),('334','BBFOREVER99','Thu Aug 09 19:59:25 IST 2018','RT K_Life88: Can you believe YG refused to release BIGBANGs Blue as a single, its BB who fought to release the song. \n\n??first song from','Cinema','Cinema : 4','4','0','0'),('335','drbrendabradley','Thu Aug 09 19:59:09 IST 2018','I love the latest release by itsellamai called, BOOD UP! While gathering my food and jamming to this song, I real','Cinema','Cinema : 2','2','0','0'),('336','eric_meeks10','Thu Aug 09 19:58:16 IST 2018','I honestly forgot how good of a song Release was by Pearl Jam','Cinema','Cinema : 2','2','0','0'),('337','risibly','Thu Aug 09 19:57:38 IST 2018','HackNSlash25 Yeah, its such a missed opportunity to take a song and give it a unique spin.  I dont necessarily m','Cinema','Cinema : 1','1','0','0'),('338','treesword','Thu Aug 09 19:57:35 IST 2018','RT 309KTYSS: D-1 Taeyeons SM STATION Song??\n\nTaeyeon & MeloMance to release Page 0 on AUGUST 10, 6 PM KST ????\n\nCheck out the MV teaser!\nY','Cinema','Cinema : 2','2','0','0'),('339','kyul0729','Thu Aug 09 19:57:22 IST 2018','RT theseoulstory: From covering his song to an actual collab; SEVENTEEN Dokyeom & Yang Dail announce duet song for release August 9th http','Cinema','Cinema : 3','3','0','0'),('340','kwonhurricane','Thu Aug 09 19:57:13 IST 2018','RT theseoulstory: From covering his song to an actual collab; SEVENTEEN Dokyeom & Yang Dail announce duet song for release August 9th http','Cinema','Cinema : 3','3','0','0'),('341','SahilYa04239904','Thu Aug 09 19:56:52 IST 2018','priyaadivarekar asliyoyo shahidkapoor TSeries Plzzzz announce the release date of the song cant wait more..','Cinema','Cinema : 2','2','0','0'),('342','Occultlover25','Thu Aug 09 19:56:22 IST 2018','RT theseoulstory: From covering his song to an actual collab; SEVENTEEN Dokyeom & Yang Dail announce duet song for release August 9th http','Cinema','Cinema : 3','3','0','0'),('343','takoyutti__','Thu Aug 09 19:55:53 IST 2018','RT Tobikko_eng: JUMPs new song will be release tomorrow in ZIP ','Cinema','Cinema : 2','2','0','0'),('344','dich62','Thu Aug 09 19:55:38 IST 2018','RT BillyFuryMuseum: Japanese release of Billys Hit Parade LP, with Japanese bio inlay and song titles.\n#billyfury ','Cinema','Cinema : 2','2','0','0'),('345','wonwoohes','Thu Aug 09 19:55:22 IST 2018','RT theseoulstory: From covering his song to an actual collab; SEVENTEEN Dokyeom & Yang Dail announce duet song for release August 9th http','Cinema','Cinema : 3','3','0','0'),('346','pledis_xvii','Thu Aug 09 19:54:53 IST 2018','RT theseoulstory: From covering his song to an actual collab; SEVENTEEN Dokyeom & Yang Dail announce duet song for release August 9th http','Cinema','Cinema : 3','3','0','0'),('347','pink_youngie','Thu Aug 09 19:54:53 IST 2018','RT SonexStella: Tiffany on #OverMySkin: œIts a summer release so its a confident and hot song. I wanted to incorporate elements of K-Pop','Cinema','Cinema : 2','2','0','0'),('348','ash_oppxr','Thu Aug 09 19:54:51 IST 2018','RT theseoulstory: From covering his song to an actual collab; SEVENTEEN Dokyeom & Yang Dail announce duet song for release August 9th http','Cinema','Cinema : 3','3','0','0'),('349','tofu_woozi','Thu Aug 09 19:54:30 IST 2018','RT theseoulstory: From covering his song to an actual collab; SEVENTEEN Dokyeom & Yang Dail announce duet song for release August 9th http','Cinema','Cinema : 3','3','0','0'),('350','kordeiskid','Thu Aug 09 19:54:25 IST 2018','Calvin bout to release a song but its not the Normani collab ','Cinema','Cinema : 2','2','0','0'),('351','kennybiba','Thu Aug 09 19:54:25 IST 2018','RT ibrahshamar: Ibrah ShaMar set to release a single titled EWO Ft _lesdo from \n??DI PLUG OUT?? *EP* on 10/08/18 (3pm Tomorrow ) .. Song pr','Cinema','Cinema : 2','2','0','0'),('352','Joyce_zy9','Thu Aug 09 19:54:16 IST 2018','RT 309KTYSS: D-1 Taeyeons SM STATION Song??\n\nTaeyeon & MeloMance to release Page 0 on AUGUST 10, 6 PM KST ????\n\nCheck out the MV teaser!\nY','Cinema','Cinema : 2','2','0','0'),('353','bidexmimi','Thu Aug 09 19:54:07 IST 2018','RT S_ujah: That Hallelujah song by Johnny Drille & Simi is so good. \nThe last time we had such good combo in Nigeria was when Jeremiah Gya','Cinema','Cinema : 1','1','0','0'),('354','oouuarian','Thu Aug 09 19:53:54 IST 2018','tomorrow is not only friday, BUT codyjohnson release his new song, and Saturday we get to go to his concert. ??????','Cinema','Cinema : 2','2','0','0'),('355','yro12eg','Thu Aug 09 19:53:34 IST 2018','RT K_Life88: Can you believe YG refused to release BIGBANGs Blue as a single, its BB who fought to release the song. \n\n??first song from','Cinema','Cinema : 4','4','0','0'),('356','thothoedinson','Thu Aug 09 19:53:12 IST 2018','RT AmberxWDW: So an album release this month, not just any album release. The first every album of wdw, the first of many. No more 4/5 son','Cinema','Cinema : 5','5','0','0'),('357','exojongchan','Thu Aug 09 19:53:12 IST 2018','RT MKlovesEXO: If EXO wont release English studio version of FOR LIFE? instead of thatll be my song while I walk in the aisle \"if ever I','Cinema','Cinema : 2','2','0','0'),('358','OliviaisMyGod','Thu Aug 09 19:53:05 IST 2018','RT SonexStella: Tiffany on #OverMySkin: œIts a summer release so its a confident and hot song. I wanted to incorporate elements of K-Pop','Cinema','Cinema : 2','2','0','0'),('359','heartingzach','Thu Aug 09 19:52:58 IST 2018','RT AmberxWDW: So an album release this month, not just any album release. The first every album of wdw, the first of many. No more 4/5 son','Cinema','Cinema : 5','5','0','0'),('360','yoontaesi','Thu Aug 09 19:52:56 IST 2018','RT 309KTYSS: D-1 Taeyeons SM STATION Song??\n\nTaeyeon & MeloMance to release Page 0 on AUGUST 10, 6 PM KST ????\n\nCheck out the MV teaser!\nY','Cinema','Cinema : 2','2','0','0'),('361','taamriel','Thu Aug 09 19:52:46 IST 2018','RT 9Muses_net: [INFO] #StarEmpire will release a Special Music Video for #9Muses Official Fan Song \"To.MINE\" on the groups 8th Anniversary','Cinema','Cinema : 4, News : 1','4','0','1'),('362','tangerineprince','Thu Aug 09 19:52:45 IST 2018','RT 309KTYSS: D-1 Taeyeons SM STATION Song??\n\nTaeyeon & MeloMance to release Page 0 on AUGUST 10, 6 PM KST ????\n\nCheck out the MV teaser!\nY','Cinema','Cinema : 2','2','0','0'),('363','angryseokjinnie','Thu Aug 09 19:52:30 IST 2018','RT GeniusTae: NEW SONG NOT RELEASE YET BUT ALREADY SONG OF THE YEAR HOW ????????????','Cinema','Cinema : 3','3','0','0'),('364','21stcenturyemo_','Thu Aug 09 19:50:55 IST 2018','RT chIorinejoseph: tyler: *leaks levitate*\n\ntyler: oh no josh levitate got leaked\n\njosh: tyler you-\n\ntyler: oH WELL WE SHOULD JUST RELEASE','Cinema','Cinema : 1','1','0','0'),('365','hophead_dog','Thu Aug 09 19:50:29 IST 2018','RT BillyFuryMuseum: Japanese release of Billys Hit Parade LP, with Japanese bio inlay and song titles.\n#billyfury ','Cinema','Cinema : 2','2','0','0'),('366','hanyuhi16','Thu Aug 09 19:50:20 IST 2018','RT idolator: With each new release, troyesivans Bloom gets more exciting, and \"Animal\" is no exception. Listen to the sexy torch song:','Cinema','Cinema : 2','2','0','0'),('367','jordandodsworth','Thu Aug 09 19:50:13 IST 2018','Most people release a solo album. Not Dave Grohl. He releases a 22min solo song. Epic.','Cinema','Cinema : 3, News : 1','3','0','1'),('368','GeniusTae','Thu Aug 09 19:50:00 IST 2018','NEW SONG NOT RELEASE YET BUT ALREADY SONG OF THE YEAR HOW ????????????','Cinema','Cinema : 3','3','0','0'),('369','alphamogi','Thu Aug 09 19:49:57 IST 2018','RT jiminandme: What if bangtan release a group song & mv with title Answer instead just like they did with EPILOGUE: Young Forever','Cinema','Cinema : 2','2','0','0'),('370','EfuaUnugbua','Thu Aug 09 19:49:56 IST 2018','RT MajeekDaniel: Dear burnaboy. Information got to me that theres another video. I beg you in the name of God please release it. All the','Cinema','Cinema : 1','1','0','0'),('371','denay_cox','Thu Aug 09 19:49:45 IST 2018','RT TheRealAandT: Ok we getting everything ready for release regarding the song yall loving œRight back ?? congrats yall','Cinema','Cinema : 2','2','0','0'),('372','musicmorg','Thu Aug 09 19:49:18 IST 2018','RT chIorinejoseph: tyler: *leaks levitate*\n\ntyler: oh no josh levitate got leaked\n\njosh: tyler you-\n\ntyler: oH WELL WE SHOULD JUST RELEASE','Cinema','Cinema : 1','1','0','0'),('373','SPG_CC5H','Thu Aug 09 19:49:09 IST 2018','RT rosecabellos: can camila please release this song  ','Cinema','Cinema : 2','2','0','0'),('374','BillyFuryMuseum','Thu Aug 09 19:48:51 IST 2018','Japanese release of Billys Hit Parade LP, with Japanese bio inlay and song titles.\n#billyfury ','Cinema','Cinema : 2','2','0','0'),('375','m_r_s_h_n','Thu Aug 09 19:48:41 IST 2018','I think climate change is best explained by my lazy aunt Olgas favorite song: Catch & Release.','Cinema','Cinema : 2','2','0','0'),('376','Jennsy_dht','Thu Aug 09 19:48:08 IST 2018','RT SoneSupport_: [OFFICIAL HASHTAG] \n\nSooyoung and James music release will be today lets use this hashtag to promote their song\n\nDont f','Cinema','Cinema : 4, News : 1','4','0','1'),('377','KaitlynMann3','Thu Aug 09 19:47:33 IST 2018','Watch for the fall 2018 release of Kaitlyns new song, Irresistible streaming... ','Cinema','Cinema : 2','2','0','0'),('378','iKINGEAR','Thu Aug 09 19:47:01 IST 2018','RT 309KTYSS: D-1 Taeyeons SM STATION Song??\n\nTaeyeon & MeloMance to release Page 0 on AUGUST 10, 6 PM KST ????\n\nCheck out the MV teaser!\nY','Cinema','Cinema : 2','2','0','0'),('379','ItisNanWooTime','Thu Aug 09 19:46:29 IST 2018','RT 309KTYSS: D-1 Taeyeons SM STATION Song??\n\nTaeyeon & MeloMance to release Page 0 on AUGUST 10, 6 PM KST ????\n\nCheck out the MV teaser!\nY','Cinema','Cinema : 2','2','0','0'),('380','LeGuessWho','Thu Aug 09 19:46:24 IST 2018','Songwriter Vera Sola will release her new album during #LGW18; watch the video for soothing new song Small Minds:','Cinema','Cinema : 3','3','0','0'),('381','SeaveyMaddy','Thu Aug 09 19:46:17 IST 2018','RT AmberxWDW: So an album release this month, not just any album release. The first every album of wdw, the first of many. No more 4/5 son','Cinema','Cinema : 5','5','0','0'),('382','awfulthwngs','Thu Aug 09 19:46:12 IST 2018','RT chIorinejoseph: tyler: *leaks levitate*\n\ntyler: oh no josh levitate got leaked\n\njosh: tyler you-\n\ntyler: oH WELL WE SHOULD JUST RELEASE','Cinema','Cinema : 1','1','0','0'),('383','THTFHQ','Thu Aug 09 19:46:10 IST 2018','RT THTFHQ: KING OF PRISM franchise to release 2nd RUSH SONG COLLECTION album this fall #?? #kinpri #???????? ','Cinema','Cinema : 3','3','0','0'),('384','BeingChennaites','Thu Aug 09 19:45:43 IST 2018','RT ChennaiTimesTOI: The video song of #VilambaraIdaiveli  from #ImaikkaaNodigal to release tomorrow at 5 pm  hiphop','Cinema','Cinema : 2','2','0','0'),('385','CathyLJ1','Thu Aug 09 19:45:26 IST 2018','#KrisWu is new song will release in 10th August \n#iHeartRadioMMVAsÂ Â Â Â Â Â  #MMVAsÂ Â Â Â Â Â  #FFNewKrisWu','Cinema','Cinema : 2','2','0','0'),('386','acoIdcaseIove','Thu Aug 09 19:45:18 IST 2018','lanadeIfenty Did we ask Nicki to release that terrible song','Cinema','Cinema : 2','2','0','0'),('387','ChennaiTimesTOI','Thu Aug 09 19:45:02 IST 2018','The video song of #VilambaraIdaiveli  from #ImaikkaaNodigal to release tomorrow at 5 pm  hiphoptamizha','Cinema','Cinema : 2','2','0','0'),('388','domesticseo','Thu Aug 09 19:44:31 IST 2018','RT chilHD: 4th release on 170301 10.02pm\nTitle: 3RACHA 4th Release ','Cinema','Cinema : 2','2','0','0'),('389','sehj19','Thu Aug 09 19:44:00 IST 2018','RT K_Life88: Can you believe YG refused to release BIGBANGs Blue as a single, its BB who fought to release the song. \n\n??first song from','Cinema','Cinema : 4','4','0','0'),('390','Sonatwicee','Thu Aug 09 19:43:53 IST 2018','RT 9Muses_net: [INFO] #StarEmpire will release a Special Music Video for #9Muses Official Fan Song \"To.MINE\" on the groups 8th Anniversary','Cinema','Cinema : 4, News : 1','4','0','1'),('391','hyoladisha','Thu Aug 09 19:43:37 IST 2018','RT Tobikko_eng: JUMPs new song will be release tomorrow in ZIP ','Cinema','Cinema : 2','2','0','0'),('392','brentwoodcc5123','Thu Aug 09 20:12:47 IST 2018','Armstrong caps record round with creative par ','Others','','0','0','0'),('393','iliyaskhanu','Thu Aug 09 20:12:47 IST 2018','iamsrk #11YearsOfChakDeIndia (Aug 10)\n\nNational Award (Popular Film) winning, sports drama by Shimit Amin, featuri','Cinema','Cinema : 2, Sports : 1','2','1','0'),('394','nikitalennn','Thu Aug 09 20:12:47 IST 2018','RT tattedpoc: BTS are on a different level. Im not saying that the other gorls arent doing their thing, but theyre not doing it. Imagin','Others','','0','0','0'),('395','Jimins_Pinkies','Thu Aug 09 20:12:46 IST 2018','RT doolsetbangtan: [UPDATE] BTS_twt is selected as a candidate for the Order of Cultural Merit by Ministry of Culture, Sports and Tourism','Sports',', Sports : 2','0','2','0'),('396','joe_cavani2','Thu Aug 09 20:12:45 IST 2018','RT AnfieldHQ: ?? VIDEO: Former Manchester City and Liverpool player Craig Bellamy says he almost joined Tottenham Hotspur before signing fo','Sports',', Sports : 1','0','1','0'),('397','bdnews24','Thu Aug 09 20:12:45 IST 2018','UCI confirms #Russian cyclist Zabelinskayas change of sports nationality ','Sports',', Sports : 1','0','1','0'),('398','ss_news_','Thu Aug 09 20:12:44 IST 2018','Kawhi Leonard Says Thank You to SanÂ Antonio https://t.co/6XeMOQ2RRd ','Others','','0','0','0'),('399','gukjins','Thu Aug 09 20:12:44 IST 2018','RT doolsetbangtan: [UPDATE] BTS_twt is selected as a candidate for the Order of Cultural Merit by Ministry of Culture, Sports and Tourism','Sports',', Sports : 2','0','2','0'),('400','neilgarner13','Thu Aug 09 20:12:43 IST 2018','9smudge May come along to this, many, many, years ago you opened a sports shop in thurrock, Essex. I was a kid and','Sports',', Sports : 1','0','1','0'),('401','WaldronStanton','Thu Aug 09 20:12:42 IST 2018','Alashkert FC vs CFR Cluj-Napoca  Live Streaming and TV Listings, Live score,live telecast ...\n\nTV LINK >>','Others','','0','0','0'),('402','DrJoshLieser','Thu Aug 09 20:12:42 IST 2018','RT RMSportspodcast: Listen to Beer and the Boyz by Reign Men Sports on #SoundCloud #beer #firestonewalker #coors #budweiser #basketball #G','Sports',', Sports : 1','0','1','0'),('403','sports___alerts','Thu Aug 09 20:12:41 IST 2018','Whos the NL MVP right now ?','Others','','0','0','0'),('404','colabo','Thu Aug 09 20:12:40 IST 2018','Colabo Colabo in Japan Japan-based Filmmakers & Actors\nJapan-based Extreme Sports Filmmakers & Athletes ','Sports',', Sports : 1','0','1','0'),('405','Radhe36246764','Thu Aug 09 20:12:40 IST 2018','RT insansoffia: #6DaysToMSGBirthday Thousands of people say NO to drugs just because of your preachings guruji gurmeetramrahim \nYouth is','News',', News : 1','0','0','1'),('406','signoramac','Thu Aug 09 20:12:40 IST 2018','RT philallman1: Penny_Ten School Sports Partnerships...Primary Sports Grant\n\nICT devt...Ed tech initiative\n\nAnd so it goes on.','Sports',', Sports : 2','0','2','0'),('407','KuldeepCk','Thu Aug 09 20:12:40 IST 2018','RT vikrantgupta73: BCCI Counsel Puneet Bali on SC BCCI new draft | Sports Tak ','Sports',', Sports : 1','0','1','0'),('408','wee162','Thu Aug 09 20:12:39 IST 2018','MGJHFC Its on Eleven Sports. Online only atm. Think its only day 1&2 on Facebook. Free trial for a week then 6 q','Sports',', Sports : 1','0','1','0'),('409','ashh4401','Thu Aug 09 20:12:39 IST 2018','RT doolsetbangtan: [UPDATE] BTS_twt is selected as a candidate for the Order of Cultural Merit by Ministry of Culture, Sports and Tourism','Sports',', Sports : 2','0','2','0'),('410','GoMahero','Thu Aug 09 20:12:39 IST 2018','RT doolsetbangtan: [UPDATE] BTS_twt is selected as a candidate for the Order of Cultural Merit by Ministry of Culture, Sports and Tourism','Sports',', Sports : 2','0','2','0'),('411','JAYDIZZZZZZLE','Thu Aug 09 20:12:39 IST 2018','RT TMZ: When the cop who pulled over Cleveland Browns Antonio Callaway, he felt badly! Catch TMZ Sports on FS1 TONIGHT at 12a ET / 9p PT','Sports',', Sports : 1','0','1','0'),('412','rgelicalcanices','Thu Aug 09 20:12:39 IST 2018','RT doolsetbangtan: [UPDATE] BTS_twt is selected as a candidate for the Order of Cultural Merit by Ministry of Culture, Sports and Tourism','Sports',', Sports : 2','0','2','0'),('413','NBahener804','Thu Aug 09 20:12:38 IST 2018','Yall wanna make team sports about individuals so bad ','Sports',', Sports : 2','0','2','0'),('414','2019WCSG','Thu Aug 09 20:12:38 IST 2018','One year from today we will be welcoming athletes, coaches, managers, officials, and dignitaries to our great city','Others','','0','0','0'),('415','Mikasa4231','Thu Aug 09 20:12:38 IST 2018','RT TheDailyLeft: US #PGA Championship 2018: first round “ live! | Sport | The Guardian ','Sports',', Sports : 1','0','1','0'),('416','RatnakarSays','Thu Aug 09 20:12:38 IST 2018','All about the wonderful gesture from Real Madrid for Ronaldo https://t.co/JOD65U9KwT ','Others','','0','0','0'),('417','DayanaR99409629','Thu Aug 09 20:12:38 IST 2018','RT doolsetbangtan: [UPDATE] BTS_twt is selected as a candidate for the Order of Cultural Merit by Ministry of Culture, Sports and Tourism','Sports',', Sports : 2','0','2','0'),('418','justin_fineberg','Thu Aug 09 20:12:37 IST 2018','RT rattazzios: Syracuse University??rankings vs. the entire Country according to The Princeton Review:\nNo. 1 in School Spirit\nNo. 2 School','Others','','0','0','0'),('419','Lokesh4545','Thu Aug 09 20:12:37 IST 2018','RT ncbn: Visakhapatnam, blessed with beautiful and calm beaches like Ramakrishna and Rushi Konda beaches, also has options of water sports','Sports',', Sports : 1','0','1','0'),('420','BeyondTheShine','Thu Aug 09 20:12:37 IST 2018','RT doolsetbangtan: [UPDATE] BTS_twt is selected as a candidate for the Order of Cultural Merit by Ministry of Culture, Sports and Tourism','Sports',', Sports : 2','0','2','0'),('421','SIRMICKY91','Thu Aug 09 20:12:35 IST 2018','RT toontransfer: Sky Sports: Newcastles loan move for Barcelona defender Marlon Santos is off after the player failed to obtain a work pe','Sports',', Sports : 2','0','2','0'),('422','Jake_McNabb35','Thu Aug 09 20:12:35 IST 2018','I voted #SelfishBell on TheTylt. Show some loyalty to the Steelers ','Others','','0','0','0'),('423','bet_swagger','Thu Aug 09 20:12:34 IST 2018','Registered on #betswagger? Use your username and password to access these 2 swag casinos: https://t.co/Iyk9si3xrS','Others','','0','0','0'),('424','TheRecordSports','Thu Aug 09 20:12:34 IST 2018','Rockland Boulders 2018 schedule and scores https://t.co/dOSnlUksEu ','Others','','0','0','0'),('425','TMZ_Sports','Thu Aug 09 20:12:34 IST 2018','Johnny Manziel Calls Rough CFL Start One of the Most Humbling Experiences ','Others','','0','0','0'),('426','Lawd954','Thu Aug 09 20:12:34 IST 2018','RT __TJ15: BleacherReport TMZ_Sports Good boy ','Others','','0','0','0'),('427','LFCNuke','Thu Aug 09 20:12:33 IST 2018','Feel sorry for Sky Sports on deadline day. It wasnt long ago that they invented football and now theyre forced to','Sports',', Sports : 2','0','2','0'),('428','bhatia_manpreet','Thu Aug 09 20:12:33 IST 2018','RT HTPunjab: Sikh wrestler not allowed to compete with ˜Patka on in Turkey seeks intervention of sports ministry htTweets\n','Sports',', Sports : 1','0','1','0'),('429','bangthanos','Thu Aug 09 20:12:33 IST 2018','RT doolsetbangtan: [UPDATE] BTS_twt is selected as a candidate for the Order of Cultural Merit by Ministry of Culture, Sports and Tourism','Sports',', Sports : 2','0','2','0'),('430','411onStl','Thu Aug 09 20:12:32 IST 2018','RT stltoday: Tiger Woods, star-studded group begin play at Bellerive https://t.co/Cwf6dT952j ','Sports',', Sports : 1','0','1','0'),('431','dominicnicole_','Thu Aug 09 20:12:32 IST 2018','RT tattedpoc: BTS are on a different level. Im not saying that the other gorls arent doing their thing, but theyre not doing it. Imagin','Others','','0','0','0'),('432','sports___alerts','Thu Aug 09 20:12:32 IST 2018','Whos the NL Cy Young right now ?','Others','','0','0','0'),('433','softlyoons','Thu Aug 09 20:12:32 IST 2018','RT doolsetbangtan: [UPDATE] BTS_twt is selected as a candidate for the Order of Cultural Merit by Ministry of Culture, Sports and Tourism','Sports',', Sports : 2','0','2','0'),('434','guklips','Thu Aug 09 20:12:31 IST 2018','RT doolsetbangtan: .BTS_twt is selected as a candidate for the Order of Cultural Merit by Ministry of Culture, Sports and Tourism. ','Sports',', Sports : 2','0','2','0'),('435','hairienorli','Thu Aug 09 20:12:31 IST 2018','RT azpifc: seen someone say Kovacic is a massive upgrade on Bakayoko loool they play different sports','Sports',', Sports : 2','0','2','0'),('436','VBBansal2','Thu Aug 09 20:12:31 IST 2018','RT ImKasam_Insha: #MeditationDoesMiracles\n*Meditation is d best way to increase your will power which will boost your Self confidence at t','Others','','0','0','0'),('437','FortisBen','Thu Aug 09 20:12:29 IST 2018','Dont forget to join us on Dukes Meadow tomorrow (Friday) from 1:30pm for the #malvern summer fun day.\nBouncy castl','Others','','0','0','0'),('438','LotfiWada','Thu Aug 09 20:12:29 IST 2018','Games are only broadcasted by Abu Dhabi Sports channels which are the exclusive broadcasters of the complete tourne','Sports',', Sports : 1','0','1','0'),('439','AshokKu31020691','Thu Aug 09 20:12:28 IST 2018','RT Insangazal2: #MeditationDoesMiracles\nMeditation is d best way to increase your will power which will boost your Self confidence at the','Others','','0','0','0'),('440','dreamjkook','Thu Aug 09 20:12:28 IST 2018','RT doolsetbangtan: [UPDATE] BTS_twt is selected as a candidate for the Order of Cultural Merit by Ministry of Culture, Sports and Tourism','Sports',', Sports : 2','0','2','0'),('441','Ern_N_Burn','Thu Aug 09 20:12:28 IST 2018','RT crillmatic_: Steph Curry raises over $21K for family of Nia Wilson ','Others','','0','0','0'),('442','holyilsan','Thu Aug 09 20:12:27 IST 2018','RT tattedpoc: BTS are on a different level. Im not saying that the other gorls arent doing their thing, but theyre not doing it. Imagin','Others','','0','0','0'),('443','nickmoff','Thu Aug 09 20:12:27 IST 2018','Position previews: Area quarterbacks bring plenty of experience. #iahsfb ','Others','','0','0','0'),('444','MaiXSuga','Thu Aug 09 20:12:27 IST 2018','RT btsjimin03_: - BTS are the first Korean artists to perform in a US Stadium\n- BTS is candidate for the Order of Cultural Merit by Minist','Equal','Cinema : 1, Sports : 1','1','1','0'),('445','PopUCulture_com','Thu Aug 09 20:12:26 IST 2018','NMAG: UNM violated open meetings act in cutting sports ','Sports',', Sports : 1','0','1','0'),('446','dt_next','Thu Aug 09 20:12:26 IST 2018','In the #Philippines, where basketball rules the sporting scene and football is a minor player, #NeilEtheridge is ho','Sports',', Sports : 3','0','3','0'),('447','Matt_Vare','Thu Aug 09 20:12:26 IST 2018','TSSLUFC nastylufc thats why it annoys me.when people spew oh look Radz is potless no, Radz is getting richer a','News',', News : 1','0','0','1'),('448','DandBPalisades','Thu Aug 09 20:12:26 IST 2018','Planning a Fantasy Football Draft Party? Book yours at Dave & Busters Palisades! Book your event before 9/5 & choo','Sports',', Sports : 1','0','1','0'),('449','kathysgallery','Thu Aug 09 20:12:26 IST 2018','RT M_Cherry_315: 55Counties They are completely invested in the politics of image and personality.  For them, its all about which person','News',', News : 1','0','0','1'),('450','bachyns','Thu Aug 09 20:12:25 IST 2018','ConcernedMom9 Apparently some of this is unique to Iowa: \"What Iowans should be asking, some school administrators','Others','','0','0','0'),('451','NickelPressTV','Thu Aug 09 20:12:25 IST 2018','RT THEgreatMOLErat: All-Bust Team for 2018 via ?usatodaysports? #FantasyFootball #NFL  ','Sports',', Sports : 1','0','1','0'),('452','CoachJeffEssig','Thu Aug 09 20:12:24 IST 2018','RT mlaughman: PREVIEW DAY 2: #SBAAC becoming premier league after 4 teams reach postseason #cincyfb SBCscores1 nrhsathletics CoachPBurk','Sports',', Sports : 2','0','2','0'),('453','BASRaTorg','Thu Aug 09 20:12:24 IST 2018','Vacancy for first team Sports Therapist - News - Ware FC ','Sports',', Sports : 2, News : 1','0','2','1'),('454','cfalcs3','Thu Aug 09 20:12:22 IST 2018','RT azcsports: œPersonally, I know the business inside and out. I know what it takes to be the best. I know what it takes to get to the NFL','Others','','0','0','0'),('455','dawn8_dawn','Thu Aug 09 20:12:22 IST 2018','RT Tamarockalane: ?? Can YOU pass the \n\n        Wallet Biopsy? \n\n?? Old article, but nothing has changed. Wealthy get transplants. Working','Others','','0','0','0'),('456','DavidNeilJR','Thu Aug 09 20:12:22 IST 2018','Watching the fall of Felix has been sad. One of the most loyal guys in Seattle sports history. Wishing the Mariners','Sports',', Sports : 1','0','1','0'),('457','ronnopwasky03','Thu Aug 09 20:12:22 IST 2018','RT dcsportsbog: Jayson Werth showed up in right field for the Dominion Bulls of the D.C. Mens Senior Baseball League. Then he launched a','Sports',', Sports : 1','0','1','0'),('458','CoversJLo','Thu Aug 09 20:12:22 IST 2018','RT Covers: The Hall of Fame Game served as an appetizer for football-starved sports bettors, but now we have our first full slate of NFL p','Sports',', Sports : 1','0','1','0'),('459','VerretteTerry','Thu Aug 09 20:12:22 IST 2018','RT HotPelicans: Many sports analysts and rankings have the nuggets pretty high in NBA and western conference standings lately, even after','Sports',', Sports : 1','0','1','0'),('460','sports___alerts','Thu Aug 09 20:12:22 IST 2018','Whos the AL Rookie of the Year right now ?','Others','','0','0','0'),('461','BradThomas','Thu Aug 09 20:12:21 IST 2018','RT LuSeesWorld: \"Its tribal. Its community. Its a melting pot. Everyone belongs. Which is why, some years from now, soccer may turn out','Sports',', Sports : 1','0','1','0'),('462','RomeluuLukakuu','Thu Aug 09 20:12:21 IST 2018','RT FootyAccums: Sky Sports News presenter gets splashed by passing car ??????\n\nThis is exactly what we want to see live on TV!\n\nCredit: SkyS','Equal',', Sports : 1, News : 1','0','1','1'),('463','sedition481','Thu Aug 09 20:12:20 IST 2018','Steph Curry: Trumps LeBron tweet is rooted in racism ','Others','','0','0','0'),('464','ShakeyP_','Thu Aug 09 20:12:20 IST 2018','RT ahleeyou: If Logan and Jake Paul blew up in the 90s theyd have a kickass cartoon where they both live in a mansion and do XTREME sports','Sports',', Sports : 1','0','1','0'),('465','danna_bibingka','Thu Aug 09 20:12:19 IST 2018','RT RapplerSports: ?? BREAKING NEWS ??\n\nCongratulations, Philippines! ???? Batang Gilas defeats Bahrain in the FIBA Asia Under-18 Quarterfinals','News',', News : 2','0','0','2'),('466','AntonChigurh81','Thu Aug 09 20:12:19 IST 2018','RT spittinchiclets: Could watch Crosby and Mackinnon9 go at it all day long (via Youtube/Sports and Moore) ','Others','','0','0','0'),('467','topeszz','Thu Aug 09 20:12:19 IST 2018','RT anandmahindra: Im no badminton expert but cant imagine that this is a shot Sai had practiced before. The moral is that no matter what','Sports',', Sports : 1','0','1','0'),('468','hbcufanapp','Thu Aug 09 20:12:18 IST 2018','CIAA Announces Hiring of Coordinators of Basketball Officials... #hbcu #sports #news ','Sports',', Sports : 1','0','1','0'),('469','TengkuShrfh','Thu Aug 09 20:12:18 IST 2018','?? ( Sports Affairs Badminton And Futsal Court in Batu 9 Cheras, Selangor) ','Sports',', Sports : 2','0','2','0'),('470','bryannufc87','Thu Aug 09 20:12:18 IST 2018','RT fun88eng: Sky Sports News have just showed their reporter being splashed by a car for the 854th time today #DeadlineDay ','Equal',', Sports : 1, News : 1','0','1','1'),('471','_FallingSlowly_','Thu Aug 09 20:12:17 IST 2018','RT doolsetbangtan: .BTS_twt is selected as a candidate for the Order of Cultural Merit by Ministry of Culture, Sports and Tourism. ','Sports',', Sports : 2','0','2','0'),('472','Iptvzone','Thu Aug 09 20:12:16 IST 2018','Our premium subs now have eleven sports who now have la Liga games.  Just refresh your channel list if on smarters or our app','Sports',', Sports : 1','0','1','0'),('473','Tantum__Ty','Thu Aug 09 20:12:16 IST 2018','Sports debates, West side vs. South Side arguments, debates on music all in the Den after a open gym session. Yeah','Equal','Cinema : 2, Sports : 2','2','2','0'),('474','davys_locker','Thu Aug 09 20:12:16 IST 2018','1kevincampbell SkySports But according to Sky Sports Everton arent allowed to sign, or keep, decent players any','Sports',', Sports : 3','0','3','0'),('475','ljs1479','Thu Aug 09 20:12:16 IST 2018','RT mitchellvii: OOPS! Report: Akron Public Schools Paying Majority of Costs for LeBrons I Promise School ','News',', News : 1','0','0','1'),('476','Mattdmenendez','Thu Aug 09 20:12:15 IST 2018','RT CFBHome: Sports Illustrated Top 25:\n\n1 Clemson \n2 Alabama \n3 Wisconsin\n4 Washington\n5 Oklahoma\n6 Georgia\n7 Penn St\n8 Auburn\n9 Ohio St\n1','Sports',', Sports : 1','0','1','0'),('477','bangthebook','Thu Aug 09 20:12:15 IST 2018','RT SkatingTripods: Another solid edition of BangTheBook Radio comes your way today, as BradPowers7 joins the program to chat NFL preseas','Others','','0','0','0'),('478','SuperSweetSuga','Thu Aug 09 20:12:15 IST 2018','RT btsjimin03_: - BTS are the first Korean artists to perform in a US Stadium\n- BTS is candidate for the Order of Cultural Merit by Minist','Equal','Cinema : 1, Sports : 1','1','1','0'),('479','btstaehyungi02','Thu Aug 09 20:12:14 IST 2018','RT doolsetbangtan: [UPDATE] BTS_twt is selected as a candidate for the Order of Cultural Merit by Ministry of Culture, Sports and Tourism','Sports',', Sports : 2','0','2','0'),('480','dearbngtn','Thu Aug 09 20:12:14 IST 2018','RT doolsetbangtan: [UPDATE] BTS_twt is selected as a candidate for the Order of Cultural Merit by Ministry of Culture, Sports and Tourism','Sports',', Sports : 2','0','2','0'),('481','microsoftnews','Thu Aug 09 20:12:14 IST 2018','Tiger Tracker: Tiger Woods (+2) birdies but still starts slow at PGA Championship ','Sports',', Sports : 1','0','1','0'),('482','NYJ33MUT','Thu Aug 09 20:12:14 IST 2018','kesh25 gtc1998 cleverland216 SportsCenter College Sports > Pro Sports... not even a question','Sports',', Sports : 2','0','2','0'),('483','MSN','Thu Aug 09 20:12:14 IST 2018','Tiger Tracker: Tiger Woods (+2) birdies but still starts slow at PGA Championship ','Sports',', Sports : 1','0','1','0'),('484','Rarenorm','Thu Aug 09 20:12:13 IST 2018','adidas Q2 10% Sales Rise Driven by World Cup ','Others','','0','0','0'),('485','TeamSportNation','Thu Aug 09 20:12:13 IST 2018','Still time for Grealish to move clubs...\n\nTottenham 23/4\nLeicester 32/1\nChelsea 32/1\n\n?? https://t.co/KGMP3acVF4','Others','','0','0','0'),('486','TravisS20296438','Thu Aug 09 20:12:13 IST 2018','RT TravisS20296438: Roger Goodell signs contract extension as NFL commissioner ','Others','','0','0','0'),('487','meeemeeeeee','Thu Aug 09 20:12:12 IST 2018','RT JahangirKTareen: Mehmood Khan has time & again proven himself in all different roles assigned to him by Khan sb. His performance as Spo','Others','','0','0','0'),('488','Agilent','Thu Aug 09 20:12:12 IST 2018','A swimmer is suspended for a drug she never heard of. Read more at https://t.co/XiIow5wdDW ','Sports',', Sports : 1','0','1','0'),('489','SoonerTracker','Thu Aug 09 20:12:12 IST 2018','Make it happen OU_Football. ','Others','','0','0','0'),('490','allsportsghana','Thu Aug 09 20:12:12 IST 2018','Man Utd fans on De Gea fax machine error - https://t.co/JOfdL4YU0z :: Ghanas Leading Sports Betting Review and Spo','Equal','Cinema : 1, Sports : 1','1','1','0'),('491','EvansEric10','Thu Aug 09 20:12:12 IST 2018','RT TheScrumSports: Fitzpatricks play will help shape the #FantasyFootball seasons of Mike Evans and DeSean Jackson - one way or another.','Sports',', Sports : 1','0','1','0'),('492','pellioose','Thu Aug 09 20:14:37 IST 2018','RT hzzzzr: ','Others','','0','0','0'),('493','Janetteosity','Thu Aug 09 20:14:37 IST 2018','RT HealingMB: Bad news is .. and the good news .. ','News',', News : 2','0','0','2'),('494','benni_tweets','Thu Aug 09 20:14:37 IST 2018','RT DanNouveau: EXCITING NEWS! Were growing the V_and_A #LGBTQ tour guide team and we want you ???? \n\nYou bring passion and commitment for','Equal',', Sports : 1, News : 1','0','1','1'),('495','LeftSideKrew','Thu Aug 09 20:14:37 IST 2018','RT sahouraxo: This is horrifying.\n\nUK-US-backed Saudi Arabia just bombed a bus carrying children in northern Yemen, killing dozens, many o','Others','','0','0','0'),('496','KyraFeighner','Thu Aug 09 20:14:37 IST 2018','RT tayycates: finally got allergy tested this morning after dealing with migraines for years...found out im allergic to bread and cheese.','Others','','0','0','0'),('497','mOQIl','Thu Aug 09 20:14:37 IST 2018','RT Ychange: Sex Toys Mistaken for Bombs, Shut Down Berlin Airport ','Others','','0','0','0'),('498','SemiProFooty','Thu Aug 09 20:14:37 IST 2018','RT needhammktfc: Coach travel to Bedworth United on Saturday “ a few seats still available!\n','Others','','0','0','0'),('499','Milpop1804','Thu Aug 09 20:14:37 IST 2018','Dear Jesse_Norman , #BlueBadge reform needs to take account of all #HiddenDisabilities like #Crohns & #Colitis whi','Others','','0','0','0'),('500','thmsm74','Thu Aug 09 20:14:37 IST 2018','Democrat blows up at reporters question about socialism, and its caught on video ','News',', News : 1','0','0','1'),('501','JonathanFoyle','Thu Aug 09 20:14:37 IST 2018','UK and its energy policy depending on the EU, a warning from 2012 and an update from 2018 https://t.co/H50xU7NOp6 ','News',', News : 1','0','0','1'),('502','Cubskers21','Thu Aug 09 20:14:36 IST 2018','RT TheRealCLK: Watch this #LNK guy on the History Channel tonight if you get a chance. ','Others','','0','0','0'),('503','outrohood','Thu Aug 09 20:14:36 IST 2018','RT choi_bts2: K media said in case Bighit will go to public (IPO) the total market capitalizations will be $1.4billion (the last Apr. stan','News',', News : 2','0','0','2'),('504','hckrieck','Thu Aug 09 20:14:36 IST 2018','RT KeneIgweonu: GuardianBooks cccubookshop The UK also denied visas to a number of academics who were to speak at the 19-21 July confere','Others','','0','0','0'),('505','invested888','Thu Aug 09 20:14:36 IST 2018','RT proactive_UK: $RGM Regency Mines plans revival through US coal consolidation ','Others','','0','0','0'),('506','kylhardt','Thu Aug 09 20:14:36 IST 2018','RT EASPORTSFIFA: Survival Mode. Long Range. Headers and Volleys. New ways to play Kick-Off in #FIFA19! https://t.co/hbtubzrSTq ','Sports',', Sports : 1','0','1','0'),('507','Ike19777','Thu Aug 09 20:14:36 IST 2018','RT KMGGaryde: Brandon Straka exposes how hostile the close minded Liberal & Dem. political ideology is. Open your mind explore conservativ','News',', News : 1','0','0','1'),('508','PeeplesChoice85','Thu Aug 09 20:14:36 IST 2018','RT CNN: At the age of 30, Adrienne Bennett became the first black female master plumber in the US. Now, 30 years later, she is CEO of her','Others','','0','0','0'),('509','LVNancy','Thu Aug 09 20:14:36 IST 2018','RT IngrahamAngle: Illegal immig on border dropped 7 percent in July; but families still pouring across”10K per month! ','Others','','0','0','0'),('510','wtf_imtooold','Thu Aug 09 20:14:36 IST 2018','RT AnnTelnaes: Rep. Nunes: \"If we do not keep the majority, all this goes away\" (cartoon from 5/1/2018) https://t.co/XaMeAs2Qpk ','Others','','0','0','0'),('511','NME','Thu Aug 09 20:14:36 IST 2018','Australian festival organisers apologise for Nazi slur directed at Holocaust survivors granddaughter','Others','','0','0','0'),('512','debaroonie137','Thu Aug 09 20:14:36 IST 2018','RT StormIsUponUs: Another reason for a lot of resistance in the media against Q is to protect their relevancy. Many outlets realize there','News',', News : 1','0','0','1'),('513','News_Regina2015','Thu Aug 09 20:14:36 IST 2018','RT SaskPower: 8:36 AM: Outage: Regina - Albert Park, Parilament Place. Crews have been dispatched. No ETR. #skoutage','Others','','0','0','0'),('514','IkeNkaa','Thu Aug 09 20:14:36 IST 2018','RT Amaka_Ekwo: News From Hope For Nigeria ????\n\nFCT ABUJA: Cows Are Back In Their Thousands. Invades The National Assembly. - Hope For Nige','News',', News : 1','0','0','1'),('515','kthyyhnm','Thu Aug 09 20:14:36 IST 2018','RT billboard: Watch ItsDougThePug become the eighth member of BTS in new video https://t.co/Q3zJHynma0 ','Others','','0','0','0'),('516','NewsBuffM','Thu Aug 09 20:14:36 IST 2018','AWKWARD! Watch Sean Hannity Keep Getting Corrected By Shep Smith In NewÂ Supercut https://t.co/sNNReg9Jrp ','Others','','0','0','0'),('517','CristinaCriddle','Thu Aug 09 20:14:36 IST 2018','RT jessbrammar: finally some good news for millennials ','News',', News : 1','0','0','1'),('518','kieran_doherty','Thu Aug 09 20:14:36 IST 2018','RT mehdirhasan: Woke up to news of an Israeli air strike that killed a pregnant woman and her daughter and a Saudi air strike in Yemen tha','News',', News : 3','0','0','3'),('519','JosephineLynne1','Thu Aug 09 20:14:36 IST 2018','RT bbcmtd: Council chief execs Â£10k pay rise in spotlight: https://t.co/Ai8WoDWhj5 ','Others','','0','0','0'),('520','LivLivesy_x','Thu Aug 09 20:14:36 IST 2018','RT antanddec: Statement: ','News',', News : 1','0','0','1'),('521','LuWoo5','Thu Aug 09 20:14:36 IST 2018','RT dodo: œWhatever is going on at Marineland right now, its bad news. ','Others','','0','0','0'),('522','mumsey163','Thu Aug 09 20:14:36 IST 2018','RT sirDukeDevin: We need a damn Amber Alert issued for every single one of the children not reunited with their parents so Fox News viewer','News',', News : 1','0','0','1'),('523','donboscochannel','Thu Aug 09 20:14:36 IST 2018','I added a video to a YouTube playlist ','Others','','0','0','0'),('524','mudhaher6','Thu Aug 09 20:14:36 IST 2018','RT goal: Its business time for Man Utd!\n(Just not in the transfer market)\nhttps://t.co/gUMl21ZWhI ','Others','','0','0','0'),('525','XGSDI','Thu Aug 09 20:14:36 IST 2018','RT EASPORTSFIFA: Survival Mode. Long Range. Headers and Volleys. New ways to play Kick-Off in #FIFA19! https://t.co/hbtubzrSTq ','Sports',', Sports : 1','0','1','0'),('526','SMSIndivisible','Thu Aug 09 20:14:36 IST 2018','RT dbaria: Good news! Now, lets go fix some roads and bridges and fund public education like our future depends on it (Hint-it does).  #B','News',', News : 2','0','0','2'),('527','ahanwadi','Thu Aug 09 20:14:36 IST 2018','RT DevlinBarrett: Angry judge in Paul Manafort trial admits he \"may\" have been wrong, but wont read the transcript that shows he was wron','Others','','0','0','0'),('528','NetworkRailLIV','Thu Aug 09 20:14:36 IST 2018','RT NetworkRailEUS: Sports fans and event visitors heading to London are reminded to avoid #Euston station as it closes for three summer we','Equal','Cinema : 1, Sports : 1, News : 1','1','1','1'),('529','blackstarr412','Thu Aug 09 20:14:36 IST 2018','TaureanReign Yes, Homan  Square was the Black site in Chicago\n','Others','','0','0','0'),('530','pinkisntwell','Thu Aug 09 20:14:36 IST 2018','Why Rep. Chris Collinss insider trading arrest is a huge deal ” and also totally unsurprising','Others','','0','0','0'),('531','DGrayling','Thu Aug 09 20:14:36 IST 2018','RT MSNBC: Video shows Nashville man running away as officer stops, aims, shoots and kills him; local Fraternal Order of Police says the ma','News',', News : 2','0','0','2'),('532','RutiRegan','Thu Aug 09 20:14:36 IST 2018','RT RebeccaCokley: Immigrants are legally eligible for Nutrition Programs, lighting and  heating assistance, and #Medicaid.  But this rule','Others','','0','0','0'),('533','Force1237','Thu Aug 09 20:14:36 IST 2018','RT 2xEmily: The other day I was watching the news video and I was like oh that looks like a TWICE merch. And the fan really gave Nako the','News',', News : 1','0','0','1'),('534','lawlerchuck1','Thu Aug 09 20:14:36 IST 2018','RT IngrahamAngle: ˜Unfathomable: Police say undocumented immigrant, previously arrested several times,  killed Lancaster man ','News',', News : 1','0','0','1'),('535','TheNext_100','Thu Aug 09 20:14:36 IST 2018','RT FortniteGame: Weve made some weapon and building adjustments! Get the specifics on the balance changes in our blog post -\n\n','Others','','0','0','0'),('536','mosc1876','Thu Aug 09 20:14:36 IST 2018','Boro have made an improved offer for QPR midfielder Luke Freeman and are ready to offer a player in part-exchange i','Sports',', Sports : 1','0','1','0'),('537','dulcecmk','Thu Aug 09 20:14:35 IST 2018','RT maddow: News: Exclusive audio from closed-door GOP fundraiser reveals surprise plan for SCOTUS nominee, Mueller investigation. \n\n9pm ET','News',', News : 1','0','0','1'),('538','lindsaywise','Thu Aug 09 20:14:35 IST 2018','RT KCStar: After milestone win, Sharice Davids to test Dems strategy in key suburban district ','Others','','0','0','0'),('539','grey_sister','Thu Aug 09 20:14:35 IST 2018','RT CristobalJAlex: This is sick! Toddlers are vomiting from distress & non-stop crying because they havent seen their parents in months.','Others','','0','0','0'),('540','jeonthiccsus','Thu Aug 09 20:14:35 IST 2018','RT YonhapNews: BTS to hold its first-ever stadium concert in U.S. in October ','Others','','0','0','0'),('541','shaviaaar','Thu Aug 09 20:14:35 IST 2018','RT the_magdalene: Proper sex education as a childs rights https://t.co/hNpPaUKI8C - Antonina Suryantari ','Others','','0','0','0'),('542','Antibolt','Thu Aug 09 20:14:35 IST 2018','RT GetUp: Sky News to be removed from Melbourne train stations “ Great to see PTV standing up to racism https://t.co/hva04yQiru ','News',', News : 1','0','0','1'),('543','DianaBialkowski','Thu Aug 09 20:14:35 IST 2018','RT KrisParonto: You have got to be shitting me ?CNN? ..did you just compare yourselves to soldiers??You arent even real news, let alone','News',', News : 1','0','0','1'),('544','MattSmith71','Thu Aug 09 20:14:35 IST 2018','RT mehdirhasan: Woke up to news of an Israeli air strike that killed a pregnant woman and her daughter and a Saudi air strike in Yemen tha','News',', News : 3','0','0','3'),('545','0nIyThursday','Thu Aug 09 20:14:35 IST 2018','RT BeckysTidePods: Remember, these are the same people who call us \"uneducated, Deplorable, irredeemable, toothless, smelly, rednecks, and','News',', News : 1','0','0','1'),('546','SSjSkynight','Thu Aug 09 20:14:35 IST 2018','RT FortniteGame: Weve made some weapon and building adjustments! Get the specifics on the balance changes in our blog post -\n\n','Others','','0','0','0'),('547','lwpnews','Thu Aug 09 20:14:35 IST 2018','Kenyan shilling stable, expected to firm due to horticulture inflows ','Others','','0','0','0'),('548','Niggabouy92','Thu Aug 09 20:14:35 IST 2018','RT 1kevincampbell: Just watching SkySports News and Paul Merson has just said the Richarlison signing has spoiled the transfer window! Hi','Equal',', Sports : 1, News : 1','0','1','1'),('549','SCSafetyDocs','Thu Aug 09 20:14:35 IST 2018','Partnership between safety inspectors and apprentices to improve electrical safety ','Others','','0','0','0'),('550','redhead1012','Thu Aug 09 20:14:35 IST 2018','RT thehill: Conservative pollster: GOP heading towards \"potential political disaster\" in midterms https://t.co/2PM7z7RV2M ','News',', News : 1','0','0','1'),('551','BBCWorldBiz','Thu Aug 09 20:14:35 IST 2018','Apple removes wrong apps in gambling purge ','Others','','0','0','0'),('552','fitzgen','Thu Aug 09 20:14:35 IST 2018','RT washingtonpost: His health had been failing for years. Then he saw something crawling in his eye. ','Others','','0','0','0'),('553','rachmitchell_x','Thu Aug 09 20:14:35 IST 2018','RT idgafakkkpost: ?\n?\n?\n?\n?\n?\n?\n?\n?\n????retweet this in 12 seconds\n??          to receive good news\n?\n?\n?\n?\n?\n?\n?\n?\n?\n?\n?\n?','News',', News : 1','0','0','1'),('554','coolkid_freddy','Thu Aug 09 20:14:35 IST 2018','RT Chelsea_HQ: #Chelsea striker Alvaro Morata has welcomed the clubs latest recruit Mateo Kovacic to Stamford Bridge. (standardsport) ht','Others','','0','0','0'),('555','mrigomrago','Thu Aug 09 20:14:35 IST 2018','RT TumiMolekane: From Le Club to Slaghuis to YFM to Soweto to Loxion Kulture to Backpack Rap to Gallo to IV League to TS Records to Dankie','Sports',', Sports : 1','0','1','0'),('556','MerchantsQuayIR','Thu Aug 09 20:14:35 IST 2018','\"This type of rhetoric only serves to demean people who use drugs and label them as being unworthy of help. Stigma','News',', News : 1','0','0','1'),('557','ghcorps','Thu Aug 09 20:14:35 IST 2018','RT lisarussellfilm: Listen to this amazing group poem on \"The World We Want\" by seven youth spoken word #artists who opened the plenary se','Others','','0','0','0'),('558','estermartia','Thu Aug 09 20:14:35 IST 2018','RT JanneRiitakorpi: œThe European Court of Human Rights considers that it is legitimate for a region of a member state to secede, even if','News',', News : 1','0','0','1'),('559','Frankwa44797211','Thu Aug 09 20:14:35 IST 2018','RT CBSNews: Army temporarily suspends discharges of immigrant recruits seeking path to citizenship: https://t.co/dDav7WuIbN ','Others','','0','0','0'),('560','richteditor12','Thu Aug 09 20:14:35 IST 2018','RT sportingnews: Jared Goff is entering his second season in Sean McVays offensive system. \n\nWith the addition of Brandin Cooks, the Rams','Others','','0','0','0'),('561','jojoscott71','Thu Aug 09 20:14:35 IST 2018','RT BestForBritain: Brexit will hit Scotlands GDP by up to 10% according to new analysis produced by the Scottish Government - thats more','News',', News : 1','0','0','1'),('562','one2prosper','Thu Aug 09 20:14:35 IST 2018','RT Scholten4Iowa: First SteveKingIA was named \"Worst Congressman.\"\nThen he made RollingStone s \"Hateful Eight\" bigots in Congress.\nToda','Others','','0','0','0'),('563','dublinpage','Thu Aug 09 20:14:35 IST 2018','Lidl plans to build new pub on the Belgard site ','Others','','0','0','0'),('564','VicensSierra','Thu Aug 09 20:14:35 IST 2018','RT EUROLANG: œThe European Court of Human Rights considers that it is legitimate for a region of a member state to secede, even if the cou','News',', News : 1','0','0','1'),('565','samuel_churu','Thu Aug 09 20:14:35 IST 2018','RT Kenyans: BREAKING NEWS: Evans Kidero Released\nhttps://t.co/mIx0voquLB ','News',', News : 2','0','0','2'),('566','00Mitsuru','Thu Aug 09 20:14:34 IST 2018','RT THR: Lindsay Lohan says women who share #MeToo stories \"look weak\" https://t.co/Hck0OA7MYN ','Others','','0','0','0'),('567','citizen311','Thu Aug 09 20:14:34 IST 2018','RT electroboyusa: Missing votes found for Danny OConnor in #OH12 while both provisional and absentee ballots wait to be counted. Go, Dann','Others','','0','0','0'),('568','AllegromyUSA','Thu Aug 09 20:14:34 IST 2018','RT MichaelAvenatti: Trump conned our farmers and then left them behind. œTheyve developed markets, and when you have these tariffs put on','News',', News : 1','0','0','1'),('569','dt_next','Thu Aug 09 20:14:34 IST 2018','The countrys largest private sector lender #ICICIBank today said it is aiming to disburse retail loan to the tune','Others','','0','0','0'),('570','post2ankan','Thu Aug 09 20:14:34 IST 2018','RT Squawka: 1. RANKING: Every Premier League club ranked by their most experienced academy product - ','Sports',', Sports : 2','0','2','0'),('571','SierraClub','Thu Aug 09 20:14:34 IST 2018','RT Bwillisful: A NEW LOW: Trump Officials Unethically Edited ˜Bomb Cyclone Laboratory Report to Boost Coals Declining Significance to th','News',', News : 1','0','0','1'),('572','pinskylab','Thu Aug 09 20:14:34 IST 2018','RT MaxCastorani: I am recruiting two PhD students to study (1) coastal marine #biodiversity and community #ecology, and (2) spatial dynami','Others','','0','0','0'),('573','juliebhunt','Thu Aug 09 20:14:34 IST 2018','RT MichaelAvenatti: Trump conned our farmers and then left them behind. œTheyve developed markets, and when you have these tariffs put on','News',', News : 1','0','0','1'),('574','TRUTHLOVERTOO','Thu Aug 09 20:14:34 IST 2018','Authorities knew of child rape camp in NM for 6 months before rescuing children 1 dead all were naked FBI knew. Tha','News',', News : 1','0','0','1'),('575','mhorchata','Thu Aug 09 20:14:34 IST 2018','juegosnomas cable news samsquanch','News',', News : 1','0','0','1'),('576','_unit76','Thu Aug 09 20:14:34 IST 2018','RT BigGibUK: #COPL relentless buying and share price +8.91%??\n\nWonder what the fence sitters will call this move? Pump and dump number 53?','Others','','0','0','0'),('577','SweetCherryPub','Thu Aug 09 20:14:34 IST 2018','Super excited to hear such fabulous news! Congratulations!! ?? ','News',', News : 1','0','0','1'),('578','AnitraMcLeod','Thu Aug 09 20:14:34 IST 2018','RT fox5dc: Groundbreaking ceremony at The Wilson and The Elm -- future home of FOX 5!!! #fox5dc https://t.co/IP31KYtRpS ','Others','','0','0','0'),('579','RenRojas','Thu Aug 09 20:14:34 IST 2018','RT BBCWorld: Taiwan man rigs bike with 11 phones to play Pokemon Go ','Sports',', Sports : 1','0','1','0'),('580','UAEembCuba','Thu Aug 09 20:14:34 IST 2018','RT UAEMISSIONGENF: #ICRC praises #UAE aid efforts in #Yemen.\nhttps://t.co/Q4NFmU9Che ','Others','','0','0','0'),('581','resistthis2017','Thu Aug 09 20:14:34 IST 2018','RT JJohnsonLaw: That the bombshell recordings of Nunes aired on maddow last night arent breaking headline news tells you how bad things','News',', News : 2','0','0','2'),('582','Basscatcher6','Thu Aug 09 20:14:34 IST 2018','CNN yea thanks, but not going to be taking parental advice from a news station.','News',', News : 2','0','0','2'),('583','nowuvdunnit','Thu Aug 09 20:14:34 IST 2018','RT ddale8: NEW: Trump just obliterated his old record for false claims in a week, with 132 last week. The list includes a staggering varie','News',', News : 1','0','0','1'),('584','AFC_HC','Thu Aug 09 20:14:34 IST 2018','2 good write ups in the local paper! Very excited for both!\n\nhttps://t.co/bU93jI6ce0\n\n','News',', News : 1','0','0','1'),('585','MicheBangtan','Thu Aug 09 20:14:34 IST 2018','RT choi_bts2: K media said Suga is œMiracle Idol who could get everything which he said he wanted \n\nJamsil stadium concert\nDaesang\nJapan','News',', News : 1','0','0','1'),('586','sujilu','Thu Aug 09 20:14:34 IST 2018','RT davidjoachim: œI may have been wrong, the judge in the Manafort trial told the jury this morning. œThis robe doesnt make me any more','Others','','0','0','0'),('587','emma__oxox','Thu Aug 09 20:14:34 IST 2018','RT chloelizsings: From Taking You to 8 Letters the growth in knowledge, and putting their feelings on paper truly makes me emotional just','Others','','0','0','0'),('588','MalleeStanley','Thu Aug 09 20:14:34 IST 2018','RT JDSLanka: #SriLanka: Mass grave out of bounds for Journalists #lka #Mannar #MassGrave AgnesCallamard UNHumanRights TheICMP itjpsl h','Others','','0','0','0'),('589','alc510_angie','Thu Aug 09 20:14:34 IST 2018','RT PrisonPlanet: Watch this story disappear quicker than a toupee in a hurricane. ','News',', News : 1','0','0','1'),('590','ahmadmichael92','Thu Aug 09 20:14:34 IST 2018','RT MirrorFootball: BREAKING Kurt Zouma agrees deal to join Everton from Chelsea as Toffees prepare for triple swoop\n','News',', News : 1','0','0','1'),('591','pennyindenver','Thu Aug 09 20:14:34 IST 2018','RT NellSco: Every time rapist Brock Turner is in the news, lets recirculate the letter that his victim read in the courtroom. Let her voi','News',', News : 1','0','0','1');

/*Table structure for table `keywords` */

DROP TABLE IF EXISTS `keywords`;

CREATE TABLE `keywords` (
  `id` int(200) NOT NULL AUTO_INCREMENT,
  `word` varchar(200) DEFAULT NULL,
  PRIMARY KEY (`id`)
) ENGINE=InnoDB AUTO_INCREMENT=182 DEFAULT CHARSET=latin1;

/*Data for the table `keywords` */

insert  into `keywords`(`id`,`word`) values (1,'words'),(2,'movie'),(3,'film'),(4,'oscar'),(5,'hero'),(6,'heroein'),(7,'song'),(8,'villain'),(9,'shooting'),(10,'fans'),(11,'dance'),(12,'music'),(13,'choreography'),(14,'acting'),(15,'award'),(16,'stunt'),(17,'trailer'),(18,'release'),(19,'script'),(20,'promo'),(21,'star'),(22,'reviews'),(23,'animation'),(24,'sound'),(25,'superstar'),(26,'cinema'),(27,'bollywood'),(28,'kollywood'),(29,'tollywod'),(30,'flop'),(31,'classic'),(32,'music'),(33,'artists'),(34,'dubbing'),(35,'album'),(36,'tempo'),(37,'entertainment'),(38,'political'),(39,'politics'),(40,'civil'),(41,'public'),(42,'governmental'),(43,'government'),(44,'national'),(45,'state'),(46,'persuasion'),(47,'official'),(48,'partisan'),(49,'embassy'),(50,'opinion'),(51,'civilian'),(52,'municipal'),(53,'domestic'),(54,'local'),(55,'civic'),(56,'politic'),(57,'politician'),(58,'profession'),(59,'internal'),(60,'constitutional'),(61,'economical'),(62,'federal'),(63,'adminstrative'),(64,'factious'),(65,'factional'),(66,'adroit'),(67,'artful'),(68,'circumspect'),(69,'diplomatic'),(70,'discreet'),(71,'politically'),(72,'politico'),(73,'judicious'),(74,'policy'),(75,'campaign'),(76,'policy-making'),(77,'parliamentary'),(78,'absolute'),(79,'statesmanlike'),(80,'aristocratic'),(81,'pluralistic'),(82,'patriarchal'),(83,'fascist'),(84,'despotic'),(85,'monarchal'),(86,'monarchic'),(87,'autocratic'),(88,'previous'),(89,'autonomous'),(90,'democratic'),(91,'federalist'),(92,'monarchial'),(93,'monocratic'),(94,'oligarchal'),(95,'republican'),(96,'suffragist'),(97,'theocratic'),(98,'dictatorial'),(99,'matriarchal'),(100,'matriarchic'),(101,'monarchical'),(102,'patriarchic'),(103,'federalistic'),(104,'geopolitical'),(105,'heteronomous'),(106,'totalitarian'),(107,'authoritarian'),(108,'gubernatorial'),(109,'politico-moral'),(110,'self-governing'),(111,'politico-social'),(112,'parliamentarian'),(113,'politico-economic'),(114,'politico-judicial'),(115,'politico-military'),(116,'politico'),(117,'judicial'),(118,'social'),(119,'economic'),(120,'military'),(121,'politico-religious'),(122,'religious'),(123,'politico-commercial'),(124,'politico-diplomatic'),(125,'politico-scientific'),(126,'politico-theological'),(127,'theological'),(128,'politico-geographical'),(129,'geographical'),(130,'countrywide'),(131,'nationwide'),(132,'bureaucratic'),(133,'legislative'),(134,'prudent'),(135,'chary'),(136,'expediant'),(137,'election'),(138,'direction'),(139,'economics'),(140,'economy'),(141,'housekeeping'),(142,'housewifery'),(143,'husbandry'),(144,'management'),(145,'news'),(146,'media'),(147,'police'),(148,'strike'),(149,'people'),(150,'trump'),(151,'bjp'),(152,'fbi'),(153,'hurricane'),(154,'rainfall'),(155,'breaking'),(156,'sports'),(157,'play'),(158,'football'),(159,'cricket'),(160,'badminton'),(161,'player'),(162,'tennis'),(163,'team'),(164,'premier'),(165,'league'),(166,'score'),(167,'athletics'),(168,'ball'),(169,'bowling'),(170,'batting'),(171,'soccer'),(172,'basketball'),(173,'gym'),(174,'skysports'),(175,'merit'),(176,'championship'),(177,'swimmer'),(178,'betting'),(179,'volley ball'),(180,'basket ball'),(181,'amphire');

/*Table structure for table `news` */

DROP TABLE IF EXISTS `news`;

CREATE TABLE `news` (
  `id` int(200) NOT NULL AUTO_INCREMENT,
  `word` varchar(200) DEFAULT NULL,
  KEY `id` (`id`)
) ENGINE=InnoDB AUTO_INCREMENT=119 DEFAULT CHARSET=latin1;

/*Data for the table `news` */

insert  into `news`(`id`,`word`) values (1,'political'),(2,'politics'),(3,'civil'),(4,'public'),(5,'governmental'),(6,'government'),(7,'national'),(8,'state'),(9,'persuasion'),(10,'official'),(11,'partisan'),(12,'embassy'),(13,'opinion'),(14,'civilian'),(15,'municipal'),(16,'domestic'),(17,'local'),(18,'civic'),(19,'politic'),(20,'politician'),(21,'profession'),(22,'internal'),(23,'constitutional'),(24,'economical'),(25,'federal'),(26,'adminstrative'),(27,'factious'),(28,'factional'),(29,'adroit'),(30,'artful'),(31,'circumspect'),(32,'diplomatic'),(33,'discreet'),(34,'politically'),(35,'politico'),(36,'judicious'),(37,'policy'),(38,'campaign'),(39,'policy-making'),(40,'parliamentary'),(41,'absolute'),(42,'statesmanlike'),(43,'aristocratic'),(44,'pluralistic'),(45,'patriarchal'),(46,'fascist'),(47,'despotic'),(48,'monarchal'),(49,'monarchic'),(50,'autocratic'),(51,'previous'),(52,'autonomous'),(53,'democratic'),(54,'federalist'),(55,'monarchial'),(56,'monocratic'),(57,'oligarchal'),(58,'republican'),(59,'suffragist'),(60,'theocratic'),(61,'dictatorial'),(62,'matriarchal'),(63,'matriarchic'),(64,'monarchical'),(65,'patriarchic'),(66,'federalistic'),(67,'geopolitical'),(68,'heteronomous'),(69,'totalitarian'),(70,'authoritarian'),(71,'gubernatorial'),(72,'politico-moral'),(73,'self-governing'),(74,'politico-social'),(75,'parliamentarian'),(76,'politico-economic'),(77,'politico-judicial'),(78,'politico-military'),(79,'politico'),(80,'judicial'),(81,'social'),(82,'economic'),(83,'military'),(84,'politico-religious'),(85,'religious'),(86,'politico-commercial'),(87,'politico-diplomatic'),(88,'politico-scientific'),(89,'politico-theological'),(90,'theological'),(91,'politico-geographical'),(92,'geographical'),(93,'countrywide'),(94,'nationwide'),(95,'bureaucratic'),(96,'legislative'),(97,'prudent'),(98,'chary'),(99,'expediant'),(100,'election'),(101,'direction'),(102,'economics'),(103,'economy'),(104,'housekeeping'),(105,'housewifery'),(106,'husbandry'),(107,'management'),(108,'news'),(109,'media'),(110,'police'),(111,'strike'),(112,'people'),(113,'trump'),(114,'bjp'),(115,'fbi'),(116,'hurricane'),(117,'rainfall'),(118,'breaking');

/*Table structure for table `output` */

DROP TABLE IF EXISTS `output`;

CREATE TABLE `output` (
  `id` varchar(200) DEFAULT NULL,
  `uname` varchar(200) DEFAULT NULL,
  `dte` varchar(200) DEFAULT NULL,
  `tweet` varchar(200) DEFAULT NULL,
  `status` varchar(200) DEFAULT NULL,
  `nstatus` varchar(200) DEFAULT NULL,
  `cinema` varchar(200) DEFAULT NULL,
  `sports` varchar(200) DEFAULT NULL,
  `news` varchar(200) DEFAULT NULL,
  `keyword` varchar(200) DEFAULT NULL,
  `tf` varchar(200) DEFAULT NULL,
  `idf` varchar(200) DEFAULT NULL,
  `tfidf` varchar(200) DEFAULT NULL,
  `rank` varchar(200) DEFAULT NULL
) ENGINE=InnoDB DEFAULT CHARSET=latin1;

/*Data for the table `output` */

insert  into `output`(`id`,`uname`,`dte`,`tweet`,`status`,`nstatus`,`cinema`,`sports`,`news`,`keyword`,`tf`,`idf`,`tfidf`,`rank`) values ('1','shounakray','Thu Aug 09 20:09:02 IST 2018','baban_smith timesnow critics gave ra one 4 stars ra one get acclaim mulk peopl ','Others','','0','0','0','',NULL,NULL,NULL,NULL),('2','deirdremhopkins','Thu Aug 09 20:09:02 IST 2018','rt tiff_net markcousinsfilm ep tilda swinton highlight celebrate monumental largely unrecognized efforts female film ','Cinema','Cinema : 1','1','0','0','film ','1.0','1.791759469228055','1.791759469228055','1.7'),('3','cianiahkaela','Thu Aug 09 20:09:02 IST 2018','rt javeigh percy jackson robbed couldve amazing movie franchise im still mad ','Cinema','Cinema : 1','1','0','0','movie ','1.0','1.9459101490553132','1.9459101490553132','1.9'),('4','tiberiuscobra','Thu Aug 09 20:09:02 IST 2018','rt calmtomb new oscar categories - best movie magic cinema - best movie youll watch - best movie thats ','Cinema','Cinema : 5','5','0','0','oscar movie cinema movie movie ','2.609437942504883','1.9459101490553132','5.077731775650267','5.0'),('5','BlindedByLust','Thu Aug 09 20:09:01 IST 2018','muppets movie looks live lmao ','Cinema','Cinema : 1','1','0','0','movie ','1.0','1.9459101490553132','1.9459101490553132','1.9'),('6','anggun_gayatri','Thu Aug 09 20:09:01 IST 2018','rt ahmad_afyandi logan action full movie ','Cinema','Cinema : 1','1','0','0','movie ','1.0','1.9459101490553132','1.9459101490553132','1.9'),('7','zinccommunicate','Thu Aug 09 20:09:01 IST 2018','sounded like something superhero movie appears unsuccess super villains p ','Cinema','Cinema : 1','1','0','0','movie ','1.0','1.9459101490553132','1.9459101490553132','1.9'),('8','gregberta','Thu Aug 09 20:09:01 IST 2018','rt mikefarb1 #unhackthevote lets say one time secretary states absolutely involve election system ','News',', News : 1','0','0','1','election ','1.0','2.302585092994046','2.302585092994046','2.3'),('9','RobinHoodFlower','Thu Aug 09 20:09:01 IST 2018','rt kissmyelite beaches east gb heaven point blank period else pirates caribbean shoot whole movie ','Cinema','Cinema : 1','1','0','0','movie ','1.0','1.9459101490553132','1.9459101490553132','1.9'),('10','SimplyRujuta','Thu Aug 09 20:09:00 IST 2018','rt olacabs #knowyourathlete changed nations perceptions women compet sports forever guess name #roadtogol ','Sports',', Sports : 1','0','1','0','sports ','1.0','2.0794415416798357','2.0794415416798357','2.0'),('11','CPheagin','Thu Aug 09 20:09:00 IST 2018','rt leighscott_stl heard right 3 minutes us includ dems got o dinesh sousas movie deate ','Cinema','Cinema : 1','1','0','0','movie ','1.0','1.9459101490553132','1.9459101490553132','1.9'),('12','MarrRowwW1337','Thu Aug 09 20:09:00 IST 2018','material sexy nak avatar girl two hot lesbian girls sex teen sex movie streame quit sex adult ','Cinema','Cinema : 1','1','0','0','movie ','1.0','1.9459101490553132','1.9459101490553132','1.9'),('13','_eliasking_','Thu Aug 09 20:08:59 IST 2018','rt preppapig emotion impact spielberg movie ','Cinema','Cinema : 1','1','0','0','movie ','1.0','1.9459101490553132','1.9459101490553132','1.9'),('14','cinamonxroll','Thu Aug 09 20:08:59 IST 2018','rt koreanthingy /krt/ remember dobby harry potter movie heres now ','Cinema','Cinema : 1','1','0','0','movie ','1.0','1.9459101490553132','1.9459101490553132','1.9'),('15','MTFIII','Thu Aug 09 20:08:59 IST 2018','saddest part regardless movie likely beyond save ','Cinema','Cinema : 1','1','0','0','movie ','1.0','1.9459101490553132','1.9459101490553132','1.9'),('16','owenngrady','Thu Aug 09 20:08:59 IST 2018','mid 2018 still get new shots fourth movie ','Cinema','Cinema : 1','1','0','0','movie ','1.0','1.9459101490553132','1.9459101490553132','1.9'),('17','Murali63616363','Thu Aug 09 20:08:59 IST 2018','rt akhiltarak99 fans movie lover exited ntr movies 1st look & teaser ntr movie teaser release whole tfi ','Cinema','Cinema : 4','4','0','0','fans movie movie release ','2.386294364929199','1.9459101490553132','4.643514423349232','4.6'),('18','virtuallyky','Thu Aug 09 20:08:58 IST 2018','rt rxmansphoenix jennifer garner mark ruffalo thriller dance 13 going 30 one best dance sequences movi ','Cinema','Cinema : 2','2','0','0','dance dance ','1.6931471824645996','1.9459101490553132','3.2947122862022726','3.2'),('19','MessedUpKrushem','Thu Aug 09 20:08:58 IST 2018','rt godlycia friendly reminder tomi adeyemi 24 year old nigerian author signed 6 figure movie deal breakout fantasy nov ','Cinema','Cinema : 1','1','0','0','movie ','1.0','1.9459101490553132','1.9459101490553132','1.9'),('20','krisirex','Thu Aug 09 20:08:58 IST 2018','rt electrolemon still oscar stunt performances/choreography voice act cool add award popular movie ','Cinema','Cinema : 4','4','0','0','oscar stunt award movie ','2.386294364929199','1.9459101490553132','4.643514423349232','4.6'),('21','imsorrychrisj','Thu Aug 09 20:08:58 IST 2018','rt bootsriley yo i just wanna say even i disagree critic i still appreciate watching thinking mov ','Others','','0','0','0','',NULL,NULL,NULL,NULL),('22','JonesyJonesJ','Thu Aug 09 20:08:58 IST 2018','rt mmflint trailer new movie œfahrenheit 11/9 just made public minutes ago œfahrenheit 11/9 theater every ','Cinema','Cinema : 2, News : 1','2','0','1','trailer movie public ','2.0986123085021973','2.0794415416798357','4.363941614180088','4.3'),('23','AishaBhadelia','Thu Aug 09 20:08:58 IST 2018','penguinukbooks ella enchanted favorite book im still mad movie huge reader dad ','Cinema','Cinema : 1','1','0','0','movie ','1.0','1.9459101490553132','1.9459101490553132','1.9'),('24','joguttu','Thu Aug 09 20:08:57 IST 2018','atuln dillidurast freshmenuindia rashmidaga sounds like movie script ','Cinema','Cinema : 2','2','0','0','movie script ','1.6931471824645996','1.9459101490553132','3.2947122862022726','3.2'),('25','Griffin11512324','Thu Aug 09 20:08:57 IST 2018','rt anichiporchik i dream making #helloneighbor movie nick_offerman playing main role neighbor h ','Cinema','Cinema : 1','1','0','0','movie ','1.0','1.9459101490553132','1.9459101490553132','1.9'),('26','Aimanio','Thu Aug 09 20:08:56 IST 2018','rt darleenzakir ethan hunt service soundtrack head everytime movie comes mission impossible ','Cinema','Cinema : 1','1','0','0','movie ','1.0','1.9459101490553132','1.9459101490553132','1.9'),('27','kinoopntgn','Thu Aug 09 20:08:56 IST 2018','rt koreanthingy /krt/ remember dobby harry potter movie heres now ','Cinema','Cinema : 1','1','0','0','movie ','1.0','1.9459101490553132','1.9459101490553132','1.9'),('28','meskygirl','Thu Aug 09 20:08:56 IST 2018','rt gingmoreno1 the hows of us movie sm light mall aug 30 7pm darren comingdm thanks ','Cinema','Cinema : 1','1','0','0','movie ','1.0','1.9459101490553132','1.9459101490553132','1.9'),('29','GabiNoel4','Thu Aug 09 20:08:55 IST 2018','stay_c14ssy girl said gonna make movie production ','Cinema','Cinema : 1','1','0','0','movie ','1.0','1.9459101490553132','1.9459101490553132','1.9'),('30','sarinastw','Thu Aug 09 20:08:54 IST 2018','rydermanville y e s like idk become start promo movie i weak ','Cinema','Cinema : 2','2','0','0','promo movie ','1.6931471824645996','1.9459101490553132','3.2947122862022726','3.2'),('31','HeidyMo','Thu Aug 09 20:08:54 IST 2018','rt tiff_net markcousinsfilm ep tilda swinton highlight celebrate monumental largely unrecognized efforts female film ','Cinema','Cinema : 1','1','0','0','film ','1.0','1.791759469228055','1.791759469228055','1.7'),('32','dhjkkk_','Thu Aug 09 20:08:54 IST 2018','rt koreanthingy /krt/ remember dobby harry potter movie heres now ','Cinema','Cinema : 1','1','0','0','movie ','1.0','1.9459101490553132','1.9459101490553132','1.9'),('33','malgal3693','Thu Aug 09 20:08:53 IST 2018','rt electrolemon still oscar stunt performances/choreography voice act cool add award popular movie ','Cinema','Cinema : 4','4','0','0','oscar stunt award movie ','2.386294364929199','1.9459101490553132','4.643514423349232','4.6'),('34','Spaceshippimp','Thu Aug 09 20:08:53 IST 2018','rt wordonrdd hes 180% going use movie ','Cinema','Cinema : 1','1','0','0','movie ','1.0','1.9459101490553132','1.9459101490553132','1.9'),('35','nhkmrzmn','Thu Aug 09 20:08:53 IST 2018','goosebumps movie ','Cinema','Cinema : 1','1','0','0','movie ','1.0','1.9459101490553132','1.9459101490553132','1.9'),('36','vNSkuIFrYXanjWL','Thu Aug 09 20:08:53 IST 2018','lots sex games twinkie porn sonja walger nude amateur sister brother watch free movie porno hip hop ','Cinema','Cinema : 1','1','0','0','movie ','1.0','1.9459101490553132','1.9459101490553132','1.9'),('37','KING_TJB','Thu Aug 09 20:08:52 IST 2018','look like one movie stari cant remember ','Cinema','Cinema : 1','1','0','0','movie ','1.0','1.9459101490553132','1.9459101490553132','1.9'),('38','_AmmBURR','Thu Aug 09 20:08:52 IST 2018','rt blacktonyromo girl asking 20 consecutive questions movie watching first time ','Cinema','Cinema : 1','1','0','0','movie ','1.0','1.9459101490553132','1.9459101490553132','1.9'),('39','_jelama','Thu Aug 09 20:08:51 IST 2018','stay tuned possibly movie reviews gainfully employed i just rot ','Cinema','Cinema : 2','2','0','0','movie reviews ','1.6931471824645996','2.0794415416798357','3.520800587395057','3.5'),('40','TimilehinH_','Thu Aug 09 20:08:50 IST 2018','home movie part2 please ','Cinema','Cinema : 1','1','0','0','movie ','1.0','1.9459101490553132','1.9459101490553132','1.9'),('41','buffysmars','Thu Aug 09 20:08:50 IST 2018','woman natalie portman i gave one 65/10 stars pretty good movie i dont think i ','Cinema','Cinema : 1','1','0','0','movie ','1.0','1.9459101490553132','1.9459101490553132','1.9'),('42','Mariajl','Thu Aug 09 20:08:50 IST 2018','jessicashaw i think valid accomplishment say œthis movie loved/resonated with astound ','Cinema','Cinema : 1','1','0','0','movie ','1.0','1.9459101490553132','1.9459101490553132','1.9'),('43','Directedbydes','Thu Aug 09 20:08:49 IST 2018','look like movie stills ','Cinema','Cinema : 1','1','0','0','movie ','1.0','1.9459101490553132','1.9459101490553132','1.9'),('44','_NeekTweets','Thu Aug 09 20:08:49 IST 2018','rt godlycia friendly reminder tomi adeyemi 24 year old nigerian author signed 6 figure movie deal breakout fantasy nov ','Cinema','Cinema : 1','1','0','0','movie ','1.0','1.9459101490553132','1.9459101490553132','1.9'),('45','LenkaYixing','Thu Aug 09 20:08:49 IST 2018','rt xingpark 180809 yixing repost director huang bos weibo update together best memory thank bo ge thank o ','Others','','0','0','0','',NULL,NULL,NULL,NULL),('46','authorjuliarain','Thu Aug 09 20:08:49 IST 2018','rt shoutmybook 5 stars - relevant world today fast pace lots tech gadgets toys make good movie lawrenceb ','Cinema','Cinema : 1','1','0','0','movie ','1.0','1.9459101490553132','1.9459101490553132','1.9'),('47','LastZetta','Thu Aug 09 20:08:49 IST 2018','rt incredibleksm i keep looking picture almost feels like scene jerusalem movie kisumu city #kisumu lake vict ','Cinema','Cinema : 1','1','0','0','movie ','1.0','1.9459101490553132','1.9459101490553132','1.9'),('48','bobby63813533','Thu Aug 09 20:08:49 IST 2018','rt massdhfm slow fan handles active 12am highest tfi make highest india mal nex ','Others','','0','0','0','',NULL,NULL,NULL,NULL),('49','A_Thalapathyan','Thu Aug 09 20:08:48 IST 2018','rt assaulttsethu movie face hurdles remove tag #timetolead movie remains forever heart ','Cinema','Cinema : 2','2','0','0','movie movie ','1.6931471824645996','1.9459101490553132','3.2947122862022726','3.2'),('50','BrianBiscieglia','Thu Aug 09 20:08:47 IST 2018','ohlertj kianangu i thought first purge movie suck next 3 i really like ','Cinema','Cinema : 1','1','0','0','movie ','1.0','1.9459101490553132','1.9459101490553132','1.9'),('51','bellesculpture','Thu Aug 09 20:08:47 IST 2018','rt faisalkhan1401 #hinawasfirstchoicefor hina first choice toilet movie maker decided cast orignal toilet ','Cinema','Cinema : 1','1','0','0','movie ','1.0','1.9459101490553132','1.9459101490553132','1.9'),('52','dg_riya','Thu Aug 09 20:08:47 IST 2018','rt faisalkhan1401 #hinawasfirstchoicefor hina first choice toilet movie maker decided cast orignal toilet ','Cinema','Cinema : 1','1','0','0','movie ','1.0','1.9459101490553132','1.9459101490553132','1.9'),('53','fatimahhhabib','Thu Aug 09 20:08:47 IST 2018','i saw fish movie i didnt know real i cant remember movie save life ','Cinema','Cinema : 2','2','0','0','movie movie ','1.6931471824645996','1.9459101490553132','3.2947122862022726','3.2'),('54','ElCarterwan','Thu Aug 09 20:08:46 IST 2018','rt eaglestarnet 20-year journey meg”the movie internet wouldnt let die ','Cinema','Cinema : 1','1','0','0','movie ','1.0','1.9459101490553132','1.9459101490553132','1.9'),('55','syarakw','Thu Aug 09 20:08:46 IST 2018','best anime movie ','Cinema','Cinema : 1','1','0','0','movie ','1.0','1.9459101490553132','1.9459101490553132','1.9'),('56','uwuniondale','Thu Aug 09 20:08:46 IST 2018','gonna watch ii movie rt after voting ','Cinema','Cinema : 1','1','0','0','movie ','1.0','1.9459101490553132','1.9459101490553132','1.9'),('57','evenweirdermove','Thu Aug 09 20:08:45 IST 2018','pretty sure detroit complicated character whole movie despite manic pixie comrade w ','Cinema','Cinema : 1','1','0','0','movie ','1.0','1.9459101490553132','1.9459101490553132','1.9'),('58','RoohUll79288323','Thu Aug 09 20:08:45 IST 2018','rt irenaakbar weve enough movies show muslim men gett radicalised & bombing places bollywood guts make m ','Cinema','Cinema : 1','1','0','0','bollywood ','1.0','2.3978952727983707','2.3978952727983707','2.3'),('59','TheRexologistMD','Thu Aug 09 20:08:45 IST 2018','al_man9696 apple airpods movie set sound mic ','Cinema','Cinema : 2','2','0','0','movie sound ','1.6931471824645996','1.9459101490553132','3.2947122862022726','3.2'),('60','feuliscatus','Thu Aug 09 20:08:44 IST 2018','rt koreanthingy /krt/ remember dobby harry potter movie heres now ','Cinema','Cinema : 1','1','0','0','movie ','1.0','1.9459101490553132','1.9459101490553132','1.9'),('61','nxsreen_','Thu Aug 09 20:08:44 IST 2018','gad i forgot i loveeee movie mr & mrs smith ','Cinema','Cinema : 1','1','0','0','movie ','1.0','1.9459101490553132','1.9459101490553132','1.9'),('62','rights_of_bill','Thu Aug 09 20:08:44 IST 2018','theyre just sett response side next melissa mccarthy movie ','Cinema','Cinema : 1','1','0','0','movie ','1.0','1.9459101490553132','1.9459101490553132','1.9'),('63','LindaEpai457450','Thu Aug 09 20:08:43 IST 2018','rt cherylbond20 peterjamesk anopensecret make sure vocally boycott new movie come gone hollywood just ','Cinema','Cinema : 1','1','0','0','movie ','1.0','1.9459101490553132','1.9459101490553132','1.9'),('64','titlecharacter','Thu Aug 09 20:08:43 IST 2018','hexomatt i mean dont get wrong id pay movie admission prices just watch whiny fanboy heads explode rir ','Cinema','Cinema : 1','1','0','0','movie ','1.0','1.9459101490553132','1.9459101490553132','1.9'),('65','optimistAk','Thu Aug 09 20:08:43 IST 2018','arvindia4u adivisesh wait watch used one movie slot accommodate mi-fallout btw ','Cinema','Cinema : 1','1','0','0','movie ','1.0','1.9459101490553132','1.9459101490553132','1.9'),('66','roh_tweets','Thu Aug 09 20:08:43 IST 2018','rt manyatruenerd muppet avenger dont even pretend wouldnt success movie time ','Cinema','Cinema : 1','1','0','0','movie ','1.0','1.9459101490553132','1.9459101490553132','1.9'),('67','MammaMiaNotter','Thu Aug 09 20:08:43 IST 2018','rt rejectedjokes i love 90s blue iconic characters i beyond excited movie gonna amazing i trainin ','Cinema','Cinema : 1','1','0','0','movie ','1.0','1.9459101490553132','1.9459101490553132','1.9'),('68','SofiaPotencian2','Thu Aug 09 20:08:43 IST 2018','rt javeigh percy jackson robbed couldve amazing movie franchise im still mad ','Cinema','Cinema : 1','1','0','0','movie ','1.0','1.9459101490553132','1.9459101490553132','1.9'),('69','PhippsDavis','Thu Aug 09 20:08:43 IST 2018','rt dom_ohanlon well wick movie suddenly got interest ','Cinema','Cinema : 1','1','0','0','movie ','1.0','1.9459101490553132','1.9459101490553132','1.9'),('70','_JustTayy','Thu Aug 09 20:08:43 IST 2018','rt javeigh percy jackson robbed couldve amazing movie franchise im still mad ','Cinema','Cinema : 1','1','0','0','movie ','1.0','1.9459101490553132','1.9459101490553132','1.9'),('71','DesTiny_Create','Thu Aug 09 20:08:43 IST 2018','rt filmymantra hello #contest sports heres #geniusthemoviecontest 5 couple movie tickets grab follow all ','Equal','Cinema : 1, Sports : 1','1','1','0','sports movie ','1.6931471824645996','1.9459101490553132','3.2947122862022726','3.2'),('72','jazzyjsutton','Thu Aug 09 20:08:42 IST 2018','rt emiliaheards people œi want diversity superhero movies *makes speeches twitter want diversity* *sabans power ','News',', News : 1','0','0','1','people ','1.0','2.0794415416798357','2.0794415416798357','2.0'),('73','yaya17017','Thu Aug 09 20:08:42 IST 2018','rt mmflint trailer new movie œfahrenheit 11/9 just made public minutes ago œfahrenheit 11/9 theater every ','Cinema','Cinema : 2, News : 1','2','0','1','trailer movie public ','2.0986123085021973','2.0794415416798357','4.363941614180088','4.3'),('74','PornJavHD1979','Thu Aug 09 20:08:42 IST 2018','pornjavhd free - pornjavhd video premium - scop-504 college girl got drunk control welcomi ','Others','','0','0','0','',NULL,NULL,NULL,NULL),('75','prasad_tark9999','Thu Aug 09 20:08:41 IST 2018','rt akhiltarak99 fans movie lover exited ntr movies 1st look & teaser ntr movie teaser release whole tfi ','Cinema','Cinema : 4','4','0','0','fans movie movie release ','2.386294364929199','1.9459101490553132','4.643514423349232','4.6'),('76','nareshkarnati9','Thu Aug 09 20:08:41 IST 2018','rt chandrantr999 excit news two weeks #aravindhasametha movie probably #aravindhasamethateaser get ','Equal','Cinema : 1, News : 1','1','0','1','news movie ','1.6931471824645996','1.791759469228055','3.033712496977748','3.0'),('77','J_cash1','Thu Aug 09 20:08:41 IST 2018','rt theweeknd best movie ive seen fucking year top list truly gritty masterpiece congrats safdie brother jos ','Cinema','Cinema : 1','1','0','0','movie ','1.0','1.9459101490553132','1.9459101490553132','1.9'),('78','Iazymood','Thu Aug 09 20:08:41 IST 2018','filmthemoon omg ugh i feel bad finishing movie ','Cinema','Cinema : 1','1','0','0','movie ','1.0','1.9459101490553132','1.9459101490553132','1.9'),('79','flirtyminjoon','Thu Aug 09 20:08:41 IST 2018','i didnt even know bnha movie lol ','Cinema','Cinema : 1','1','0','0','movie ','1.0','1.9459101490553132','1.9459101490553132','1.9'),('80','Luvo_Zulu','Thu Aug 09 20:08:41 IST 2018','rt thandonomvalo comes greate joy announce movie trailer imbokodo rock journal now youtube please c ','Cinema','Cinema : 2','2','0','0','movie trailer ','1.6931471824645996','2.0794415416798357','3.520800587395057','3.5'),('81','saik0202','Thu Aug 09 20:08:41 IST 2018','rt akhiltarak99 fans movie lover exited ntr movies 1st look & teaser ntr movie teaser release whole tfi ','Cinema','Cinema : 4','4','0','0','fans movie movie release ','2.386294364929199','1.9459101490553132','4.643514423349232','4.6'),('82','Kouturely','Thu Aug 09 20:08:40 IST 2018','rt teeallise daytona needs drive movie theatre ','Cinema','Cinema : 1','1','0','0','movie ','1.0','1.9459101490553132','1.9459101490553132','1.9'),('83','carpedisera','Thu Aug 09 20:08:40 IST 2018','shut sit big bald fuck best line movie ever love snatch ','Cinema','Cinema : 1','1','0','0','movie ','1.0','1.9459101490553132','1.9459101490553132','1.9'),('84','Stephanienoel41','Thu Aug 09 20:08:40 IST 2018','nigel gruff second field goal-the replacements ','Others','','0','0','0','',NULL,NULL,NULL,NULL),('85','thecharismatic6','Thu Aug 09 20:08:40 IST 2018','rt kajariaceramic kajaria associate #gold movie pays tribute iconic hockey team brought india first gold ','Equal','Cinema : 1, Sports : 1','1','1','0','movie team ','1.6931471824645996','1.791759469228055','3.033712496977748','3.0'),('86','JonDonahue','Thu Aug 09 20:08:39 IST 2018','night 33 years ago stretch road dense fog just like i saw best mo ','Others','','0','0','0','',NULL,NULL,NULL,NULL),('87','_YonTV','Thu Aug 09 20:08:39 IST 2018','rt blacktonyromo girl asking 20 consecutive questions movie watching first time ','Cinema','Cinema : 1','1','0','0','movie ','1.0','1.9459101490553132','1.9459101490553132','1.9'),('88','deat_b_2','Thu Aug 09 20:08:39 IST 2018','rt 3rdfloor_crew 3rd floor 201889 just go go indigo indigo original justhis kid milli noel young b - indigo ','Others','','0','0','0','',NULL,NULL,NULL,NULL),('89','Akshobh','Thu Aug 09 20:08:39 IST 2018','transported back time ','Others','','0','0','0','',NULL,NULL,NULL,NULL),('90','getabucketjon','Thu Aug 09 20:08:38 IST 2018','rt brosconfessions shaq made movie trailer javale mcgee ','Cinema','Cinema : 2','2','0','0','movie trailer ','1.6931471824645996','2.0794415416798357','3.520800587395057','3.5'),('91','thisiskarthik29','Thu Aug 09 20:08:38 IST 2018','rt ysrfilms #pyaarpremakaadhal release promo #1 movie release tomorrow ','Cinema','Cinema : 4','4','0','0','release promo movie release ','2.386294364929199','2.0794415416798357','4.962159633110279','4.9'),('92','abhijith115','Thu Aug 09 20:09:08 IST 2018','rt dirbobby happy returns day #superstar telugu cinema urstrulymahesh garu just look serene poise ','Cinema','Cinema : 1','1','0','0','cinema ','1.0','2.0794415416798357','2.0794415416798357','2.0'),('93','KierViAbroadOFC','Thu Aug 09 20:09:07 IST 2018','rt kvteamliveofc petmalu movie mallshow august 12 | 3 pm sta lucia mall kindly dm kierviofficial sa mga gustong mag t ','Cinema','Cinema : 1','1','0','0','movie ','1.0','1.9459101490553132','1.9459101490553132','1.9'),('94','Jens_TX','Thu Aug 09 20:09:07 IST 2018','terminate seeing picture makes wonder i visit movie reviews ','Cinema','Cinema : 2','2','0','0','movie reviews ','1.6931471824645996','2.0794415416798357','3.520800587395057','3.5'),('95','AniruddhaSen18','Thu Aug 09 20:09:07 IST 2018','rt srkuniverse #funfact chennai express first bollywood movie released day india peru ','Cinema','Cinema : 2','2','0','0','bollywood movie ','1.6931471824645996','2.1972245773362196','3.720224602358791','3.7'),('96','Real_IkOgbonna','Thu Aug 09 20:09:07 IST 2018','rt amcchannels brace up friends the washerman movie will be in cinemas nationwide from 31st august yipeeee etinosaofficia real ','Equal','Cinema : 1, News : 1','1','0','1','movie nationwide ','1.6931471824645996','2.1972245773362196','3.720224602358791','3.7'),('97','nk08433kumar','Thu Aug 09 20:09:07 IST 2018','rt kinggovardhan babu chay_akkineni movie paina expectate roju roju ki perigipothondi inka wait small boss #c ','Cinema','Cinema : 1','1','0','0','movie ','1.0','1.9459101490553132','1.9459101490553132','1.9'),('98','SupergirlFanDC','Thu Aug 09 20:09:07 IST 2018','watching live kelly ryan rubyrose pops talking #batwoman promot new movie ','Cinema','Cinema : 1','1','0','0','movie ','1.0','1.9459101490553132','1.9459101490553132','1.9'),('99','illyanathirah','Thu Aug 09 20:09:06 IST 2018','yass books amazing af movie total flop ','Cinema','Cinema : 2','2','0','0','movie flop ','1.6931471824645996','1.791759469228055','3.033712496977748','3.0'),('100','xKGCoBhr05bM2GG','Thu Aug 09 20:09:06 IST 2018','drunk bitch i unprotected sex i pregnant bulgarian girl fuck cute teen lesbos mature anal movie ','Cinema','Cinema : 1','1','0','0','movie ','1.0','1.9459101490553132','1.9459101490553132','1.9'),('101','jonathanmentzer','Thu Aug 09 20:09:04 IST 2018','dpshow went saw movie last night rated arrrrrr ','Cinema','Cinema : 1','1','0','0','movie ','1.0','1.9459101490553132','1.9459101490553132','1.9'),('102','hellhorror','Thu Aug 09 20:09:04 IST 2018','watch todays throwback #iamnotaserialkiller #2016 - movie trailer #movie #trailer #throwback #horror billy ob ','Cinema','Cinema : 2','2','0','0','movie trailer ','1.6931471824645996','2.0794415416798357','3.520800587395057','3.5'),('103','Cafe_BeneRP','Thu Aug 09 20:09:04 IST 2018','nebxlaes havent suggest movie genre ','Cinema','Cinema : 1','1','0','0','movie ','1.0','1.9459101490553132','1.9459101490553132','1.9'),('104','christinamk88','Thu Aug 09 20:09:04 IST 2018','rt danrather another busy news day arent sometimes i turn warm summer evening id rather ','News',', News : 1','0','0','1','news ','1.0','1.791759469228055','1.791759469228055','1.7'),('105','DustiBrooks7','Thu Aug 09 20:09:03 IST 2018','rt danrather another busy news day arent sometimes i turn warm summer evening id rather ','News',', News : 1','0','0','1','news ','1.0','1.791759469228055','1.791759469228055','1.7'),('106','antonio97507471','Thu Aug 09 20:09:03 IST 2018','moviepass movie pass still restrict movies i thought new plan restrictions far peak times ','Cinema','Cinema : 1','1','0','0','movie ','1.0','1.9459101490553132','1.9459101490553132','1.9'),('107','yuvanrupesh93','Thu Aug 09 20:09:03 IST 2018','rt ysrfilms #pyaarpremakaadhal release promo #1 movie release tomorrow ','Cinema','Cinema : 4','4','0','0','release promo movie release ','2.386294364929199','2.0794415416798357','4.962159633110279','4.9'),('108','SACHINManojVJ','Thu Aug 09 20:09:03 IST 2018','rt mohammedjala3 movie released expected date impact #historicthalaivaaday ','Cinema','Cinema : 1','1','0','0','movie ','1.0','1.9459101490553132','1.9459101490553132','1.9'),('109','shounakray','Thu Aug 09 20:09:02 IST 2018','baban_smith timesnow critics gave ra one 4 stars ra one get acclaim mulk peopl ','Others','','0','0','0','',NULL,NULL,NULL,NULL),('110','deirdremhopkins','Thu Aug 09 20:09:02 IST 2018','rt tiff_net markcousinsfilm ep tilda swinton highlight celebrate monumental largely unrecognized efforts female film ','Cinema','Cinema : 1','1','0','0','film ','1.0','1.791759469228055','1.791759469228055','1.7'),('111','cianiahkaela','Thu Aug 09 20:09:02 IST 2018','rt javeigh percy jackson robbed couldve amazing movie franchise im still mad ','Cinema','Cinema : 1','1','0','0','movie ','1.0','1.9459101490553132','1.9459101490553132','1.9'),('112','tiberiuscobra','Thu Aug 09 20:09:02 IST 2018','rt calmtomb new oscar categories - best movie magic cinema - best movie youll watch - best movie thats ','Cinema','Cinema : 5','5','0','0','oscar movie cinema movie movie ','2.609437942504883','1.9459101490553132','5.077731775650267','5.0'),('113','BlindedByLust','Thu Aug 09 20:09:01 IST 2018','muppets movie looks live lmao ','Cinema','Cinema : 1','1','0','0','movie ','1.0','1.9459101490553132','1.9459101490553132','1.9'),('114','anggun_gayatri','Thu Aug 09 20:09:01 IST 2018','rt ahmad_afyandi logan action full movie ','Cinema','Cinema : 1','1','0','0','movie ','1.0','1.9459101490553132','1.9459101490553132','1.9'),('115','zinccommunicate','Thu Aug 09 20:09:01 IST 2018','sounded like something superhero movie appears unsuccess super villains p ','Cinema','Cinema : 1','1','0','0','movie ','1.0','1.9459101490553132','1.9459101490553132','1.9'),('116','gregberta','Thu Aug 09 20:09:01 IST 2018','rt mikefarb1 #unhackthevote lets say one time secretary states absolutely involve election system ','News',', News : 1','0','0','1','election ','1.0','2.302585092994046','2.302585092994046','2.3'),('117','RobinHoodFlower','Thu Aug 09 20:09:01 IST 2018','rt kissmyelite beaches east gb heaven point blank period else pirates caribbean shoot whole movie ','Cinema','Cinema : 1','1','0','0','movie ','1.0','1.9459101490553132','1.9459101490553132','1.9'),('118','SimplyRujuta','Thu Aug 09 20:09:00 IST 2018','rt olacabs #knowyourathlete changed nations perceptions women compet sports forever guess name #roadtogol ','Sports',', Sports : 1','0','1','0','sports ','1.0','2.0794415416798357','2.0794415416798357','2.0'),('119','CPheagin','Thu Aug 09 20:09:00 IST 2018','rt leighscott_stl heard right 3 minutes us includ dems got o dinesh sousas movie deate ','Cinema','Cinema : 1','1','0','0','movie ','1.0','1.9459101490553132','1.9459101490553132','1.9'),('120','MarrRowwW1337','Thu Aug 09 20:09:00 IST 2018','material sexy nak avatar girl two hot lesbian girls sex teen sex movie streame quit sex adult ','Cinema','Cinema : 1','1','0','0','movie ','1.0','1.9459101490553132','1.9459101490553132','1.9'),('121','_eliasking_','Thu Aug 09 20:08:59 IST 2018','rt preppapig emotion impact spielberg movie ','Cinema','Cinema : 1','1','0','0','movie ','1.0','1.9459101490553132','1.9459101490553132','1.9'),('122','cinamonxroll','Thu Aug 09 20:08:59 IST 2018','rt koreanthingy /krt/ remember dobby harry potter movie heres now ','Cinema','Cinema : 1','1','0','0','movie ','1.0','1.9459101490553132','1.9459101490553132','1.9'),('123','MTFIII','Thu Aug 09 20:08:59 IST 2018','saddest part regardless movie likely beyond save ','Cinema','Cinema : 1','1','0','0','movie ','1.0','1.9459101490553132','1.9459101490553132','1.9'),('124','owenngrady','Thu Aug 09 20:08:59 IST 2018','mid 2018 still get new shots fourth movie ','Cinema','Cinema : 1','1','0','0','movie ','1.0','1.9459101490553132','1.9459101490553132','1.9'),('125','Murali63616363','Thu Aug 09 20:08:59 IST 2018','rt akhiltarak99 fans movie lover exited ntr movies 1st look & teaser ntr movie teaser release whole tfi ','Cinema','Cinema : 4','4','0','0','fans movie movie release ','2.386294364929199','1.9459101490553132','4.643514423349232','4.6'),('126','virtuallyky','Thu Aug 09 20:08:58 IST 2018','rt rxmansphoenix jennifer garner mark ruffalo thriller dance 13 going 30 one best dance sequences movi ','Cinema','Cinema : 2','2','0','0','dance dance ','1.6931471824645996','1.9459101490553132','3.2947122862022726','3.2'),('127','MessedUpKrushem','Thu Aug 09 20:08:58 IST 2018','rt godlycia friendly reminder tomi adeyemi 24 year old nigerian author signed 6 figure movie deal breakout fantasy nov ','Cinema','Cinema : 1','1','0','0','movie ','1.0','1.9459101490553132','1.9459101490553132','1.9'),('128','krisirex','Thu Aug 09 20:08:58 IST 2018','rt electrolemon still oscar stunt performances/choreography voice act cool add award popular movie ','Cinema','Cinema : 4','4','0','0','oscar stunt award movie ','2.386294364929199','1.9459101490553132','4.643514423349232','4.6'),('129','imsorrychrisj','Thu Aug 09 20:08:58 IST 2018','rt bootsriley yo i just wanna say even i disagree critic i still appreciate watching thinking mov ','Others','','0','0','0','',NULL,NULL,NULL,NULL),('130','JonesyJonesJ','Thu Aug 09 20:08:58 IST 2018','rt mmflint trailer new movie œfahrenheit 11/9 just made public minutes ago œfahrenheit 11/9 theater every ','Cinema','Cinema : 2, News : 1','2','0','1','trailer movie public ','2.0986123085021973','2.0794415416798357','4.363941614180088','4.3'),('131','AishaBhadelia','Thu Aug 09 20:08:58 IST 2018','penguinukbooks ella enchanted favorite book im still mad movie huge reader dad ','Cinema','Cinema : 1','1','0','0','movie ','1.0','1.9459101490553132','1.9459101490553132','1.9'),('132','joguttu','Thu Aug 09 20:08:57 IST 2018','atuln dillidurast freshmenuindia rashmidaga sounds like movie script ','Cinema','Cinema : 2','2','0','0','movie script ','1.6931471824645996','1.9459101490553132','3.2947122862022726','3.2'),('133','Griffin11512324','Thu Aug 09 20:08:57 IST 2018','rt anichiporchik i dream making #helloneighbor movie nick_offerman playing main role neighbor h ','Cinema','Cinema : 1','1','0','0','movie ','1.0','1.9459101490553132','1.9459101490553132','1.9'),('134','Aimanio','Thu Aug 09 20:08:56 IST 2018','rt darleenzakir ethan hunt service soundtrack head everytime movie comes mission impossible ','Cinema','Cinema : 1','1','0','0','movie ','1.0','1.9459101490553132','1.9459101490553132','1.9'),('135','kinoopntgn','Thu Aug 09 20:08:56 IST 2018','rt koreanthingy /krt/ remember dobby harry potter movie heres now ','Cinema','Cinema : 1','1','0','0','movie ','1.0','1.9459101490553132','1.9459101490553132','1.9'),('136','meskygirl','Thu Aug 09 20:08:56 IST 2018','rt gingmoreno1 the hows of us movie sm light mall aug 30 7pm darren comingdm thanks ','Cinema','Cinema : 1','1','0','0','movie ','1.0','1.9459101490553132','1.9459101490553132','1.9'),('137','GabiNoel4','Thu Aug 09 20:08:55 IST 2018','stay_c14ssy girl said gonna make movie production ','Cinema','Cinema : 1','1','0','0','movie ','1.0','1.9459101490553132','1.9459101490553132','1.9'),('138','sarinastw','Thu Aug 09 20:08:54 IST 2018','rydermanville y e s like idk become start promo movie i weak ','Cinema','Cinema : 2','2','0','0','promo movie ','1.6931471824645996','1.9459101490553132','3.2947122862022726','3.2'),('139','HeidyMo','Thu Aug 09 20:08:54 IST 2018','rt tiff_net markcousinsfilm ep tilda swinton highlight celebrate monumental largely unrecognized efforts female film ','Cinema','Cinema : 1','1','0','0','film ','1.0','1.791759469228055','1.791759469228055','1.7'),('140','dhjkkk_','Thu Aug 09 20:08:54 IST 2018','rt koreanthingy /krt/ remember dobby harry potter movie heres now ','Cinema','Cinema : 1','1','0','0','movie ','1.0','1.9459101490553132','1.9459101490553132','1.9'),('141','malgal3693','Thu Aug 09 20:08:53 IST 2018','rt electrolemon still oscar stunt performances/choreography voice act cool add award popular movie ','Cinema','Cinema : 4','4','0','0','oscar stunt award movie ','2.386294364929199','1.9459101490553132','4.643514423349232','4.6'),('142','Spaceshippimp','Thu Aug 09 20:08:53 IST 2018','rt wordonrdd hes 180% going use movie ','Cinema','Cinema : 1','1','0','0','movie ','1.0','1.9459101490553132','1.9459101490553132','1.9'),('143','nhkmrzmn','Thu Aug 09 20:08:53 IST 2018','goosebumps movie ','Cinema','Cinema : 1','1','0','0','movie ','1.0','1.9459101490553132','1.9459101490553132','1.9'),('144','vNSkuIFrYXanjWL','Thu Aug 09 20:08:53 IST 2018','lots sex games twinkie porn sonja walger nude amateur sister brother watch free movie porno hip hop ','Cinema','Cinema : 1','1','0','0','movie ','1.0','1.9459101490553132','1.9459101490553132','1.9'),('145','KING_TJB','Thu Aug 09 20:08:52 IST 2018','look like one movie stari cant remember ','Cinema','Cinema : 1','1','0','0','movie ','1.0','1.9459101490553132','1.9459101490553132','1.9'),('146','_AmmBURR','Thu Aug 09 20:08:52 IST 2018','rt blacktonyromo girl asking 20 consecutive questions movie watching first time ','Cinema','Cinema : 1','1','0','0','movie ','1.0','1.9459101490553132','1.9459101490553132','1.9'),('147','_jelama','Thu Aug 09 20:08:51 IST 2018','stay tuned possibly movie reviews gainfully employed i just rot ','Cinema','Cinema : 2','2','0','0','movie reviews ','1.6931471824645996','2.0794415416798357','3.520800587395057','3.5'),('148','TimilehinH_','Thu Aug 09 20:08:50 IST 2018','home movie part2 please ','Cinema','Cinema : 1','1','0','0','movie ','1.0','1.9459101490553132','1.9459101490553132','1.9'),('149','buffysmars','Thu Aug 09 20:08:50 IST 2018','woman natalie portman i gave one 65/10 stars pretty good movie i dont think i ','Cinema','Cinema : 1','1','0','0','movie ','1.0','1.9459101490553132','1.9459101490553132','1.9'),('150','Mariajl','Thu Aug 09 20:08:50 IST 2018','jessicashaw i think valid accomplishment say œthis movie loved/resonated with astound ','Cinema','Cinema : 1','1','0','0','movie ','1.0','1.9459101490553132','1.9459101490553132','1.9'),('151','Directedbydes','Thu Aug 09 20:08:49 IST 2018','look like movie stills ','Cinema','Cinema : 1','1','0','0','movie ','1.0','1.9459101490553132','1.9459101490553132','1.9'),('152','_NeekTweets','Thu Aug 09 20:08:49 IST 2018','rt godlycia friendly reminder tomi adeyemi 24 year old nigerian author signed 6 figure movie deal breakout fantasy nov ','Cinema','Cinema : 1','1','0','0','movie ','1.0','1.9459101490553132','1.9459101490553132','1.9'),('153','LenkaYixing','Thu Aug 09 20:08:49 IST 2018','rt xingpark 180809 yixing repost director huang bos weibo update together best memory thank bo ge thank o ','Others','','0','0','0','',NULL,NULL,NULL,NULL),('154','authorjuliarain','Thu Aug 09 20:08:49 IST 2018','rt shoutmybook 5 stars - relevant world today fast pace lots tech gadgets toys make good movie lawrenceb ','Cinema','Cinema : 1','1','0','0','movie ','1.0','1.9459101490553132','1.9459101490553132','1.9'),('155','LastZetta','Thu Aug 09 20:08:49 IST 2018','rt incredibleksm i keep looking picture almost feels like scene jerusalem movie kisumu city #kisumu lake vict ','Cinema','Cinema : 1','1','0','0','movie ','1.0','1.9459101490553132','1.9459101490553132','1.9'),('156','bobby63813533','Thu Aug 09 20:08:49 IST 2018','rt massdhfm slow fan handles active 12am highest tfi make highest india mal nex ','Others','','0','0','0','',NULL,NULL,NULL,NULL),('157','A_Thalapathyan','Thu Aug 09 20:08:48 IST 2018','rt assaulttsethu movie face hurdles remove tag #timetolead movie remains forever heart ','Cinema','Cinema : 2','2','0','0','movie movie ','1.6931471824645996','1.9459101490553132','3.2947122862022726','3.2'),('158','BrianBiscieglia','Thu Aug 09 20:08:47 IST 2018','ohlertj kianangu i thought first purge movie suck next 3 i really like ','Cinema','Cinema : 1','1','0','0','movie ','1.0','1.9459101490553132','1.9459101490553132','1.9'),('159','bellesculpture','Thu Aug 09 20:08:47 IST 2018','rt faisalkhan1401 #hinawasfirstchoicefor hina first choice toilet movie maker decided cast orignal toilet ','Cinema','Cinema : 1','1','0','0','movie ','1.0','1.9459101490553132','1.9459101490553132','1.9'),('160','dg_riya','Thu Aug 09 20:08:47 IST 2018','rt faisalkhan1401 #hinawasfirstchoicefor hina first choice toilet movie maker decided cast orignal toilet ','Cinema','Cinema : 1','1','0','0','movie ','1.0','1.9459101490553132','1.9459101490553132','1.9'),('161','fatimahhhabib','Thu Aug 09 20:08:47 IST 2018','i saw fish movie i didnt know real i cant remember movie save life ','Cinema','Cinema : 2','2','0','0','movie movie ','1.6931471824645996','1.9459101490553132','3.2947122862022726','3.2'),('162','ElCarterwan','Thu Aug 09 20:08:46 IST 2018','rt eaglestarnet 20-year journey meg”the movie internet wouldnt let die ','Cinema','Cinema : 1','1','0','0','movie ','1.0','1.9459101490553132','1.9459101490553132','1.9'),('163','syarakw','Thu Aug 09 20:08:46 IST 2018','best anime movie ','Cinema','Cinema : 1','1','0','0','movie ','1.0','1.9459101490553132','1.9459101490553132','1.9'),('164','uwuniondale','Thu Aug 09 20:08:46 IST 2018','gonna watch ii movie rt after voting ','Cinema','Cinema : 1','1','0','0','movie ','1.0','1.9459101490553132','1.9459101490553132','1.9'),('165','evenweirdermove','Thu Aug 09 20:08:45 IST 2018','pretty sure detroit complicated character whole movie despite manic pixie comrade w ','Cinema','Cinema : 1','1','0','0','movie ','1.0','1.9459101490553132','1.9459101490553132','1.9'),('166','RoohUll79288323','Thu Aug 09 20:08:45 IST 2018','rt irenaakbar weve enough movies show muslim men gett radicalised & bombing places bollywood guts make m ','Cinema','Cinema : 1','1','0','0','bollywood ','1.0','2.3978952727983707','2.3978952727983707','2.3'),('167','TheRexologistMD','Thu Aug 09 20:08:45 IST 2018','al_man9696 apple airpods movie set sound mic ','Cinema','Cinema : 2','2','0','0','movie sound ','1.6931471824645996','1.9459101490553132','3.2947122862022726','3.2'),('168','feuliscatus','Thu Aug 09 20:08:44 IST 2018','rt koreanthingy /krt/ remember dobby harry potter movie heres now ','Cinema','Cinema : 1','1','0','0','movie ','1.0','1.9459101490553132','1.9459101490553132','1.9'),('169','nxsreen_','Thu Aug 09 20:08:44 IST 2018','gad i forgot i loveeee movie mr & mrs smith ','Cinema','Cinema : 1','1','0','0','movie ','1.0','1.9459101490553132','1.9459101490553132','1.9'),('170','rights_of_bill','Thu Aug 09 20:08:44 IST 2018','theyre just sett response side next melissa mccarthy movie ','Cinema','Cinema : 1','1','0','0','movie ','1.0','1.9459101490553132','1.9459101490553132','1.9'),('171','LindaEpai457450','Thu Aug 09 20:08:43 IST 2018','rt cherylbond20 peterjamesk anopensecret make sure vocally boycott new movie come gone hollywood just ','Cinema','Cinema : 1','1','0','0','movie ','1.0','1.9459101490553132','1.9459101490553132','1.9'),('172','titlecharacter','Thu Aug 09 20:08:43 IST 2018','hexomatt i mean dont get wrong id pay movie admission prices just watch whiny fanboy heads explode rir ','Cinema','Cinema : 1','1','0','0','movie ','1.0','1.9459101490553132','1.9459101490553132','1.9'),('173','optimistAk','Thu Aug 09 20:08:43 IST 2018','arvindia4u adivisesh wait watch used one movie slot accommodate mi-fallout btw ','Cinema','Cinema : 1','1','0','0','movie ','1.0','1.9459101490553132','1.9459101490553132','1.9'),('174','roh_tweets','Thu Aug 09 20:08:43 IST 2018','rt manyatruenerd muppet avenger dont even pretend wouldnt success movie time ','Cinema','Cinema : 1','1','0','0','movie ','1.0','1.9459101490553132','1.9459101490553132','1.9'),('175','MammaMiaNotter','Thu Aug 09 20:08:43 IST 2018','rt rejectedjokes i love 90s blue iconic characters i beyond excited movie gonna amazing i trainin ','Cinema','Cinema : 1','1','0','0','movie ','1.0','1.9459101490553132','1.9459101490553132','1.9'),('176','SofiaPotencian2','Thu Aug 09 20:08:43 IST 2018','rt javeigh percy jackson robbed couldve amazing movie franchise im still mad ','Cinema','Cinema : 1','1','0','0','movie ','1.0','1.9459101490553132','1.9459101490553132','1.9'),('177','PhippsDavis','Thu Aug 09 20:08:43 IST 2018','rt dom_ohanlon well wick movie suddenly got interest ','Cinema','Cinema : 1','1','0','0','movie ','1.0','1.9459101490553132','1.9459101490553132','1.9'),('178','_JustTayy','Thu Aug 09 20:08:43 IST 2018','rt javeigh percy jackson robbed couldve amazing movie franchise im still mad ','Cinema','Cinema : 1','1','0','0','movie ','1.0','1.9459101490553132','1.9459101490553132','1.9'),('179','DesTiny_Create','Thu Aug 09 20:08:43 IST 2018','rt filmymantra hello #contest sports heres #geniusthemoviecontest 5 couple movie tickets grab follow all ','Equal','Cinema : 1, Sports : 1','1','1','0','sports movie ','1.6931471824645996','1.9459101490553132','3.2947122862022726','3.2'),('180','jazzyjsutton','Thu Aug 09 20:08:42 IST 2018','rt emiliaheards people œi want diversity superhero movies *makes speeches twitter want diversity* *sabans power ','News',', News : 1','0','0','1','people ','1.0','2.0794415416798357','2.0794415416798357','2.0'),('181','yaya17017','Thu Aug 09 20:08:42 IST 2018','rt mmflint trailer new movie œfahrenheit 11/9 just made public minutes ago œfahrenheit 11/9 theater every ','Cinema','Cinema : 2, News : 1','2','0','1','trailer movie public ','2.0986123085021973','2.0794415416798357','4.363941614180088','4.3'),('182','PornJavHD1979','Thu Aug 09 20:08:42 IST 2018','pornjavhd free - pornjavhd video premium - scop-504 college girl got drunk control welcomi ','Others','','0','0','0','',NULL,NULL,NULL,NULL),('183','prasad_tark9999','Thu Aug 09 20:08:41 IST 2018','rt akhiltarak99 fans movie lover exited ntr movies 1st look & teaser ntr movie teaser release whole tfi ','Cinema','Cinema : 4','4','0','0','fans movie movie release ','2.386294364929199','1.9459101490553132','4.643514423349232','4.6'),('184','nareshkarnati9','Thu Aug 09 20:08:41 IST 2018','rt chandrantr999 excit news two weeks #aravindhasametha movie probably #aravindhasamethateaser get ','Equal','Cinema : 1, News : 1','1','0','1','news movie ','1.6931471824645996','1.791759469228055','3.033712496977748','3.0'),('185','J_cash1','Thu Aug 09 20:08:41 IST 2018','rt theweeknd best movie ive seen fucking year top list truly gritty masterpiece congrats safdie brother jos ','Cinema','Cinema : 1','1','0','0','movie ','1.0','1.9459101490553132','1.9459101490553132','1.9'),('186','Iazymood','Thu Aug 09 20:08:41 IST 2018','filmthemoon omg ugh i feel bad finishing movie ','Cinema','Cinema : 1','1','0','0','movie ','1.0','1.9459101490553132','1.9459101490553132','1.9'),('187','flirtyminjoon','Thu Aug 09 20:08:41 IST 2018','i didnt even know bnha movie lol ','Cinema','Cinema : 1','1','0','0','movie ','1.0','1.9459101490553132','1.9459101490553132','1.9'),('188','Luvo_Zulu','Thu Aug 09 20:08:41 IST 2018','rt thandonomvalo comes greate joy announce movie trailer imbokodo rock journal now youtube please c ','Cinema','Cinema : 2','2','0','0','movie trailer ','1.6931471824645996','2.0794415416798357','3.520800587395057','3.5'),('189','saik0202','Thu Aug 09 20:08:41 IST 2018','rt akhiltarak99 fans movie lover exited ntr movies 1st look & teaser ntr movie teaser release whole tfi ','Cinema','Cinema : 4','4','0','0','fans movie movie release ','2.386294364929199','1.9459101490553132','4.643514423349232','4.6'),('190','Kouturely','Thu Aug 09 20:08:40 IST 2018','rt teeallise daytona needs drive movie theatre ','Cinema','Cinema : 1','1','0','0','movie ','1.0','1.9459101490553132','1.9459101490553132','1.9'),('191','carpedisera','Thu Aug 09 20:08:40 IST 2018','shut sit big bald fuck best line movie ever love snatch ','Cinema','Cinema : 1','1','0','0','movie ','1.0','1.9459101490553132','1.9459101490553132','1.9'),('192','KevinSeawrightt','Thu Aug 09 20:11:04 IST 2018','new song the man who walked backward ben montgomery read macleod andrews - audiobook excerpt hachetteaudio ','Cinema','Cinema : 1','1','0','0','song ','1.0','1.791759469228055','1.791759469228055','1.7'),('193','kingjordy22','Thu Aug 09 20:11:04 IST 2018','rt rapperssaid tory lanez song bryson tiller release next friday ','Cinema','Cinema : 2','2','0','0','song release ','1.6931471824645996','1.9459101490553132','3.2947122862022726','3.2'),('194','1AaronJustice','Thu Aug 09 20:11:04 IST 2018','_imperatorrex_ nelly song - its getting hot in hurrrr ','Cinema','Cinema : 1','1','0','0','song ','1.0','1.791759469228055','1.791759469228055','1.7'),('195','samboswerve','Thu Aug 09 20:11:04 IST 2018','rt rapaccess tory lanez song bryson tiller dropping next friday ','Cinema','Cinema : 1','1','0','0','song ','1.0','1.791759469228055','1.791759469228055','1.7'),('196','anchorandarope','Thu Aug 09 20:11:04 IST 2018','rt iluvolliewalter stole biggest song tiny independent artist act like youre self made reason youre f ','Cinema','Cinema : 1','1','0','0','song ','1.0','1.791759469228055','1.791759469228055','1.7'),('197','SquadXnine','Thu Aug 09 20:11:03 IST 2018','wu jia cheng performance kim samuel chaoyinzhanji ep5 song title pray source ','Cinema','Cinema : 1','1','0','0','song ','1.0','1.791759469228055','1.791759469228055','1.7'),('198','mix_maestroedj','Thu Aug 09 20:11:03 IST 2018','rt onlytshepo my all time fav by pro this song still keeps me going still makes me accept my unfortunate situation rip best rapper o ','Cinema','Cinema : 1','1','0','0','song ','1.0','1.791759469228055','1.791759469228055','1.7'),('199','magiclegend93','Thu Aug 09 20:11:03 IST 2018','song freak released beauty marks entertainment second single ciara ne release imprint ','Cinema','Cinema : 3','3','0','0','song entertainment release ','2.0986123085021973','2.302585092994046','4.832233417530981','4.8'),('200','KGJoseph','Thu Aug 09 20:11:03 IST 2018','the_raheel wrong song dawg aint fun homies cant none please verify delv2 ','Cinema','Cinema : 1','1','0','0','song ','1.0','1.791759469228055','1.791759469228055','1.7'),('201','ADELODU03789142','Thu Aug 09 20:11:02 IST 2018','rt osascruz nbc ban falz #thisisnigeria songs videos promot social vices didnt ban song ','Equal','Cinema : 1, News : 1','1','0','1','social song ','1.6931471824645996','1.9459101490553132','3.2947122862022726','3.2'),('202','janndro','Thu Aug 09 20:11:01 IST 2018','rt alextumay support engineer saying artists producer couldnt reason cause divide ','Cinema','Cinema : 1','1','0','0','artists ','1.0','2.1972245773362196','2.1972245773362196','2.1'),('203','zachgibson_17','Thu Aug 09 20:11:01 IST 2018','rt rapperssaid tory lanez song bryson tiller release next friday ','Cinema','Cinema : 2','2','0','0','song release ','1.6931471824645996','1.9459101490553132','3.2947122862022726','3.2'),('204','AmyyHudd','Thu Aug 09 20:11:01 IST 2018','rt ladyleshurr listen & lethalbizzle dropping song today grmdaily 6pm mad dont miss trust #grime ','Cinema','Cinema : 1','1','0','0','song ','1.0','1.791759469228055','1.791759469228055','1.7'),('205','jurpizza','Thu Aug 09 20:11:01 IST 2018','i actually wanna dance song street rn ','Cinema','Cinema : 2','2','0','0','dance song ','1.6931471824645996','1.791759469228055','3.033712496977748','3.0'),('206','joevecchiorocks','Thu Aug 09 20:11:01 IST 2018','ok found ridin song ok #joevecchio #singer #songwriter #recordingartist ','Cinema','Cinema : 1','1','0','0','song ','1.0','1.791759469228055','1.791759469228055','1.7'),('207','tastyvideo','Thu Aug 09 20:11:01 IST 2018','breadb0i yeah song i tuned bad one nice groups sound unpolished ','Cinema','Cinema : 2','2','0','0','song sound ','1.6931471824645996','1.791759469228055','3.033712496977748','3.0'),('208','youngbae_7','Thu Aug 09 20:11:01 IST 2018','shinsadong tiger permanently banned making another song exid btw im deal plagiarism shit anymore ','Cinema','Cinema : 1','1','0','0','song ','1.0','1.791759469228055','1.791759469228055','1.7'),('209','MeganAn40723184','Thu Aug 09 20:11:00 IST 2018','rt samuelbettley lets switch whats your favorite song new record ','Cinema','Cinema : 1','1','0','0','song ','1.0','1.791759469228055','1.791759469228055','1.7'),('210','julia_femur','Thu Aug 09 20:11:00 IST 2018','rt 1dv0tingteam vote attack please retweet reply hashtags favourite song take home arent best fand ','Cinema','Cinema : 1','1','0','0','song ','1.0','1.791759469228055','1.791759469228055','1.7'),('211','nevilleokashira','Thu Aug 09 20:11:00 IST 2018','tyffaniharvey ¢ thank noble traveler visit i await day return form thanks i ','Others','','0','0','0','',NULL,NULL,NULL,NULL),('212','Mrs_ClickClack','Thu Aug 09 20:11:00 IST 2018','rt v1nchy rt know exactly song ','Cinema','Cinema : 1','1','0','0','song ','1.0','1.791759469228055','1.791759469228055','1.7'),('213','sydschoen','Thu Aug 09 20:11:00 IST 2018','rt officescenes *office theme song starts playing* friend œoh dear god ','Cinema','Cinema : 1','1','0','0','song ','1.0','1.791759469228055','1.791759469228055','1.7'),('214','bwiante','Thu Aug 09 20:11:00 IST 2018','taeluss jin paved way basshunter song isnt even yet ','Cinema','Cinema : 1','1','0','0','song ','1.0','1.791759469228055','1.791759469228055','1.7'),('215','mfl3cy','Thu Aug 09 20:10:59 IST 2018','still love song part still wants chains cymbal stands cant wait tonight ','Cinema','Cinema : 1','1','0','0','song ','1.0','1.791759469228055','1.791759469228055','1.7'),('216','ifntlygncd','Thu Aug 09 20:10:59 IST 2018','holy i love song ','Cinema','Cinema : 1','1','0','0','song ','1.0','1.791759469228055','1.791759469228055','1.7'),('217','cryrobin','Thu Aug 09 20:10:59 IST 2018','rt chuuvn listening song vernon recommends ','Cinema','Cinema : 1','1','0','0','song ','1.0','1.791759469228055','1.791759469228055','1.7'),('218','CrossFitUCS','Thu Aug 09 20:10:59 IST 2018','michaelishustle trueandbartleby bobgoff man wishing tree song gets stuck head time little gi ','Cinema','Cinema : 1','1','0','0','song ','1.0','1.791759469228055','1.791759469228055','1.7'),('219','lduroni','Thu Aug 09 20:10:58 IST 2018','rt jalynnjones0 michael really outdid thriller ghost idc nobody says choreography the song >>> ','Cinema','Cinema : 2','2','0','0','choreography song ','1.6931471824645996','2.302585092994046','3.898615462587857','3.8'),('220','shekweenk','Thu Aug 09 20:10:58 IST 2018','œi care hurt bitch song i love lmao ','Cinema','Cinema : 1','1','0','0','song ','1.0','1.791759469228055','1.791759469228055','1.7'),('221','jibeomb','Thu Aug 09 20:10:58 IST 2018','song power fanchants ','Cinema','Cinema : 1','1','0','0','song ','1.0','1.791759469228055','1.791759469228055','1.7'),('222','mp3_answer','Thu Aug 09 20:10:58 IST 2018','rt postgradksjin anticipate jins solo song released hours days soon armys i came ','Cinema','Cinema : 1','1','0','0','song ','1.0','1.791759469228055','1.791759469228055','1.7'),('223','SaratheSuwaidi','Thu Aug 09 20:10:57 IST 2018','rt eliesaaab song reminds audrey hepburn ','Cinema','Cinema : 1','1','0','0','song ','1.0','1.791759469228055','1.791759469228055','1.7'),('224','astubbornheart','Thu Aug 09 20:10:57 IST 2018','rt notswstheband okay offendedband released new song yall listen rt tweet theyre give ','Cinema','Cinema : 1','1','0','0','song ','1.0','1.791759469228055','1.791759469228055','1.7'),('225','cagle_amanda','Thu Aug 09 20:10:57 IST 2018','rt briancoopergeo dont break never hear song make listen catch hanging ','Cinema','Cinema : 1','1','0','0','song ','1.0','1.791759469228055','1.791759469228055','1.7'),('226','AmaijhaMendes','Thu Aug 09 20:10:57 IST 2018','song amazing #8letter ','Cinema','Cinema : 1','1','0','0','song ','1.0','1.791759469228055','1.791759469228055','1.7'),('227','WABISUK93302446','Thu Aug 09 20:10:57 IST 2018','rt jhainley1 lord strength shield heart trusts i helped heart exults song i give ','Cinema','Cinema : 1','1','0','0','song ','1.0','1.791759469228055','1.791759469228055','1.7'),('228','DavidTchini','Thu Aug 09 20:10:57 IST 2018','rt wesleywoolfall heres song youmedley najwakaram vmas bbc6music ','Cinema','Cinema : 1','1','0','0','song ','1.0','1.791759469228055','1.791759469228055','1.7'),('229','lookatmyfvce','Thu Aug 09 20:10:57 IST 2018','rt rapaccess tory lanez song bryson tiller dropping next friday ','Cinema','Cinema : 1','1','0','0','song ','1.0','1.791759469228055','1.791759469228055','1.7'),('230','kaaaaeeel','Thu Aug 09 20:10:57 IST 2018','gonna write saddest song ','Cinema','Cinema : 1','1','0','0','song ','1.0','1.791759469228055','1.791759469228055','1.7'),('231','hobihopefull','Thu Aug 09 20:10:57 IST 2018','better now actually good song damn ','Cinema','Cinema : 1','1','0','0','song ','1.0','1.791759469228055','1.791759469228055','1.7'),('232','zkdbbh','Thu Aug 09 20:10:57 IST 2018','rt ikonxpicture song yunhyeong freaking definition perfection â©nightowl_suzie ','Cinema','Cinema : 1','1','0','0','song ','1.0','1.791759469228055','1.791759469228055','1.7'),('233','dr_ballache','Thu Aug 09 20:10:57 IST 2018','nickdesemlyen terri_white kids love 3 year year old ˜baby shark song ','Cinema','Cinema : 1','1','0','0','song ','1.0','1.791759469228055','1.791759469228055','1.7'),('234','efflictimm','Thu Aug 09 20:10:57 IST 2018','i really karaoke last night scrubs i went good 3 times turn asking ','Others','','0','0','0','',NULL,NULL,NULL,NULL),('235','cornflakeguy','Thu Aug 09 20:10:57 IST 2018','unclebarkycom jasonwheelertv im wfaa news p1 i fan tegna changes start lose sp ','News',', News : 1','0','0','1','news ','1.0','1.791759469228055','1.791759469228055','1.7'),('236','virigoz','Thu Aug 09 20:10:57 IST 2018','rt doolsetbangtan music markets includ ones japan us addition domestic performances bts_twt singer ','Cinema','Cinema : 2, News : 1','2','0','1','music music domestic ','2.0986123085021973','2.0794415416798357','4.363941614180088','4.3'),('237','seifeslam20','Thu Aug 09 20:10:56 IST 2018','rt _poetryandsins ever get really weird vibe song like whenever listen feel really sad hea ','Cinema','Cinema : 1','1','0','0','song ','1.0','1.791759469228055','1.791759469228055','1.7'),('238','purplejiwon','Thu Aug 09 20:10:56 IST 2018','rt 1mermaidtv ikon one hit wonder debunked lmfaoo thread 1 debuted 18 roof hits 2015 & became theâ 1st boy groupâ  ','Others','','0','0','0','',NULL,NULL,NULL,NULL),('239','kumarwinn','Thu Aug 09 20:10:56 IST 2018','rt wunderbarfilms #nikkalnikkal video song now #nikkalnikkal video song #kaala ','Cinema','Cinema : 2','2','0','0','song song ','1.6931471824645996','1.791759469228055','3.033712496977748','3.0'),('240','WonderfulSiaF','Thu Aug 09 20:10:56 IST 2018','rt hasanlovessia sias chorus thunderclouds similar old songs last note song last vocal ','Cinema','Cinema : 1','1','0','0','song ','1.0','1.791759469228055','1.791759469228055','1.7'),('241','tiiraminsu','Thu Aug 09 20:10:56 IST 2018','rt 4kihyuk remember played game wonho made eye contact i thought choose the s ','Others','','0','0','0','',NULL,NULL,NULL,NULL),('242','HometownProd','Thu Aug 09 20:10:56 IST 2018','rt huzzah_frib whats favorite song tv show movie i wanna play radio show tomorrow feel lazy help o u ','Cinema','Cinema : 2, Sports : 1','2','1','0','song movie play ','2.0986123085021973','1.791759469228055','3.76020847599736','3.7'),('243','HArring31875891','Thu Aug 09 20:10:56 IST 2018','sasscbrown youtube good ole classic gospel song ','Cinema','Cinema : 2','2','0','0','classic song ','1.6931471824645996','1.9459101490553132','3.2947122862022726','3.2'),('244','yutamotto','Thu Aug 09 20:10:55 IST 2018','rt baby_mama97 omg i never heard name excellent i love song lets go support htt ','Cinema','Cinema : 1','1','0','0','song ','1.0','1.791759469228055','1.791759469228055','1.7'),('245','flrtgk','Thu Aug 09 20:10:55 IST 2018','jintro drops tonight ill post cover song bts_twt ','Cinema','Cinema : 1','1','0','0','song ','1.0','1.791759469228055','1.791759469228055','1.7'),('246','Mayte2513','Thu Aug 09 20:10:55 IST 2018','rt sugafull27 k dohyun famous army hes hyung official army lee kyunggyu l army h ','News',', News : 1','0','0','1','official ','1.0','2.302585092994046','2.302585092994046','2.3'),('247','thegallerygang','Thu Aug 09 20:10:55 IST 2018','manginpacome muse dominic_howard yes i actually tried create drum part song ','Cinema','Cinema : 1','1','0','0','song ','1.0','1.791759469228055','1.791759469228055','1.7'),('248','bbhxwillis','Thu Aug 09 20:10:55 IST 2018','amusingjonghyun whats name song ','Cinema','Cinema : 1','1','0','0','song ','1.0','1.791759469228055','1.791759469228055','1.7'),('249','RobertW83887006','Thu Aug 09 20:10:55 IST 2018','edelelynch words greet song stop minute sandra let s wait ','Cinema','Cinema : 1','1','0','0','song ','1.0','1.791759469228055','1.791759469228055','1.7'),('250','joellasuggyy','Thu Aug 09 20:10:55 IST 2018','rt joe_sugg tweet gets exactly 75684 rts ill upload first cover song youtube ','Cinema','Cinema : 1','1','0','0','song ','1.0','1.791759469228055','1.791759469228055','1.7'),('251','Kristinaa1106','Thu Aug 09 20:10:54 IST 2018','rt wuyifan_krisbar 180809 kriswu studio weibo update 2nd chinese song kris wus first album <hold down> chinese version wil ','Cinema','Cinema : 2','2','0','0','song album ','1.6931471824645996','1.791759469228055','3.033712496977748','3.0'),('252','danaayx3','Thu Aug 09 20:10:54 IST 2018','rt l6ix9ine new 6ix9ine song ft anuel aa ','Cinema','Cinema : 1','1','0','0','song ','1.0','1.791759469228055','1.791759469228055','1.7'),('253','prettymyoui','Thu Aug 09 20:10:54 IST 2018','rt popcrush still angry #vmas straight-up ignore k-pop #once get jypetwice recognition deserve vote #likey song ','Cinema','Cinema : 1','1','0','0','song ','1.0','1.791759469228055','1.791759469228055','1.7'),('254','thebluealienn','Thu Aug 09 20:10:54 IST 2018','rt chartsccabello ˜havana now 3 billion combined streams spotify youtube 3rd fastest female song ','Cinema','Cinema : 1','1','0','0','song ','1.0','1.791759469228055','1.791759469228055','1.7'),('255','Mnqobi98915617','Thu Aug 09 20:10:53 IST 2018','rt vusinova sure got song cause yet i love #usezondibona ','Cinema','Cinema : 1','1','0','0','song ','1.0','1.791759469228055','1.791759469228055','1.7'),('256','alecute12','Thu Aug 09 20:10:53 IST 2018','rt bangstan7 imagine bts concert song comes u feel ','Cinema','Cinema : 1','1','0','0','song ','1.0','1.791759469228055','1.791759469228055','1.7'),('257','DavidTchini','Thu Aug 09 20:10:52 IST 2018','rt wesleywoolfall heres song youshou malilah najwakaram ','Cinema','Cinema : 1','1','0','0','song ','1.0','1.791759469228055','1.791759469228055','1.7'),('258','fredokahlo','Thu Aug 09 20:10:52 IST 2018','literally single song i love played two nights mostly night 2 i heaven ugh ','Cinema','Cinema : 1','1','0','0','song ','1.0','1.791759469228055','1.791759469228055','1.7'),('259','Xxkittysoftpaws','Thu Aug 09 20:10:52 IST 2018','i added video youtube playlist ','Others','','0','0','0','',NULL,NULL,NULL,NULL),('260','kwonsarahxxi','Thu Aug 09 20:10:52 IST 2018','rt soydna seungyoon song came really well please wait just bit winner come solo album lol i cant wait ','Cinema','Cinema : 2','2','0','0','song album ','1.6931471824645996','1.791759469228055','3.033712496977748','3.0'),('261','mr_chittaphon','Thu Aug 09 20:10:52 IST 2018','hyos song lucas shows smtown stuck head 2 weeks help ','Cinema','Cinema : 1','1','0','0','song ','1.0','1.791759469228055','1.791759469228055','1.7'),('262','Pikaboi','Thu Aug 09 20:10:52 IST 2018','rt bandainamcouk pleased announce taiko tatsujin drum ˜n fun nintendo switch available digitally phys ','Others','','0','0','0','',NULL,NULL,NULL,NULL),('263','mygsmaze','Thu Aug 09 20:10:52 IST 2018','mum came room just “ œna lets make song called im sleepy ddaeng ','Cinema','Cinema : 1','1','0','0','song ','1.0','1.791759469228055','1.791759469228055','1.7'),('264','loveelymj','Thu Aug 09 20:10:52 IST 2018','rt rocket_225 thank m countdown allowing astro perform song we love you offclastro # #astro ','Cinema','Cinema : 1','1','0','0','song ','1.0','1.791759469228055','1.791759469228055','1.7'),('265','jennifervensel','Thu Aug 09 20:10:52 IST 2018','people way fucking sensitive anymore 2018 get grip song one favorites keep boys ','Equal','Cinema : 1, News : 1','1','0','1','people song ','1.6931471824645996','1.9459101490553132','3.2947122862022726','3.2'),('266','MonroeOFF','Thu Aug 09 20:10:51 IST 2018','rt gsideofficial we have something amazing to share with you guess song stay tuned subscribe youtube channel ','Cinema','Cinema : 1','1','0','0','song ','1.0','1.791759469228055','1.791759469228055','1.7'),('267','LilianLT_','Thu Aug 09 20:10:51 IST 2018','rt darkpjimin time end concept era i feel sad happy time happy i part something beaut ','Others','','0','0','0','',NULL,NULL,NULL,NULL),('268','verygay4u','Thu Aug 09 20:10:51 IST 2018','rt soleilhobi hoseok starts performe airplane pt 1 song transitions airplane pt 2 ','Cinema','Cinema : 1','1','0','0','song ','1.0','1.791759469228055','1.791759469228055','1.7'),('269','KingPR__','Thu Aug 09 20:10:51 IST 2018','rt segalink instead address issues raised try suppress truth action make song mo ','Cinema','Cinema : 1','1','0','0','song ','1.0','1.791759469228055','1.791759469228055','1.7'),('270','MorgannnBeth','Thu Aug 09 20:10:51 IST 2018','rip screw favorite song astroworld ','Cinema','Cinema : 1','1','0','0','song ','1.0','1.791759469228055','1.791759469228055','1.7'),('271','fig_lover','Thu Aug 09 20:10:51 IST 2018','rt brenmccracken i wrote napeyes”one favourite bands anywhere”for twitcoast week nigel i spoke ','Others','','0','0','0','',NULL,NULL,NULL,NULL),('272','thatdame','Thu Aug 09 20:10:51 IST 2018','b_wantuchies i like couple song production annoying ','Cinema','Cinema : 1','1','0','0','song ','1.0','1.791759469228055','1.791759469228055','1.7'),('273','hariharan41098','Thu Aug 09 20:10:51 IST 2018','rt vijayfans_army special design 1 year #aalaporaanthamizhan song revealed 7pm today team_cdt vijayfans_arm ','Cinema','Cinema : 1','1','0','0','song ','1.0','1.791759469228055','1.791759469228055','1.7'),('274','AliSunnySafwan','Thu Aug 09 20:10:51 IST 2018','working ninee to fiveee bas ek month aur bhenchod ” listening 9 5 dolly parton song ','Cinema','Cinema : 1','1','0','0','song ','1.0','1.791759469228055','1.791759469228055','1.7'),('275','toobiforthis','Thu Aug 09 20:10:51 IST 2018','rt kangtong91 heres song youwhate want ken ','Cinema','Cinema : 1','1','0','0','song ','1.0','1.791759469228055','1.791759469228055','1.7'),('276','VictoriaMixon','Thu Aug 09 20:10:51 IST 2018','nmllalonde entire song bernie doesnt even need tweaking go carrying pictures chairm ','Cinema','Cinema : 1','1','0','0','song ','1.0','1.791759469228055','1.791759469228055','1.7'),('277','BellaSanchez29','Thu Aug 09 20:10:50 IST 2018','rt seaveydaniel i love crazy i just cant believe love support get guys im glad yo ','Others','','0','0','0','',NULL,NULL,NULL,NULL),('278','__miikaylaaa','Thu Aug 09 20:10:50 IST 2018','rt jalynnjones0 michael really outdid thriller ghost idc nobody says choreography the song >>> ','Cinema','Cinema : 2','2','0','0','choreography song ','1.6931471824645996','2.302585092994046','3.898615462587857','3.8'),('279','DengSykes','Thu Aug 09 20:10:50 IST 2018','vanilla twilight owl city im love song ','Cinema','Cinema : 1','1','0','0','song ','1.0','1.791759469228055','1.791759469228055','1.7'),('280','Ineshiiey1','Thu Aug 09 20:10:50 IST 2018','rt thulanimilano still remember song married now 6 grandkids minimum ','Cinema','Cinema : 1','1','0','0','song ','1.0','1.791759469228055','1.791759469228055','1.7'),('281','kevdoanstan','Thu Aug 09 20:10:50 IST 2018','btw please listen darwin deezs new song say first really good i love darwindeez pls support yuss ','Cinema','Cinema : 1','1','0','0','song ','1.0','1.791759469228055','1.791759469228055','1.7'),('282','ILVOLOMIAMI','Thu Aug 09 20:10:50 IST 2018','king & country - joy lyric video 4k ','Others','','0','0','0','',NULL,NULL,NULL,NULL),('283','Framezshochin','Thu Aug 09 20:10:50 IST 2018','sk sona - life gucci nice song bross ','Cinema','Cinema : 1','1','0','0','song ','1.0','1.791759469228055','1.791759469228055','1.7'),('284','_bangtankth','Thu Aug 09 20:10:49 IST 2018','rt ilsanspjm daily reminder joon said bts collabed one favourite artists song answer ','Cinema','Cinema : 2','2','0','0','artists song ','1.6931471824645996','1.9459101490553132','3.2947122862022726','3.2'),('285','expIicitbangtan','Thu Aug 09 20:10:48 IST 2018','forgot i saved 25 song last night weird ','Cinema','Cinema : 1','1','0','0','song ','1.0','1.791759469228055','1.791759469228055','1.7'),('286','leave_the_city_','Thu Aug 09 20:10:48 IST 2018','rt trapdoorman dont judge song name literally love song called pantaloon ','Cinema','Cinema : 2','2','0','0','song song ','1.6931471824645996','1.791759469228055','3.033712496977748','3.0'),('287','peachyharu','Thu Aug 09 20:10:47 IST 2018','rt genius_mino minos v lives full best quality contents~he play songs free style rap wil ','Sports',', Sports : 1','0','1','0','play ','1.0','1.791759469228055','1.791759469228055','1.7'),('288','eloquentjimin','Thu Aug 09 20:10:47 IST 2018','rt darkpjimin time end concept era i feel sad happy time happy i part something beaut ','Others','','0','0','0','',NULL,NULL,NULL,NULL),('289','ElaineOmozusi','Thu Aug 09 20:10:47 IST 2018','go fear oh song lmao ','Cinema','Cinema : 1','1','0','0','song ','1.0','1.791759469228055','1.791759469228055','1.7'),('290','Lebohang20S','Thu Aug 09 20:10:47 IST 2018','rt kabomo prokid jumped stage back friend called maggs immediately started hook one songs ca ','Others','','0','0','0','',NULL,NULL,NULL,NULL),('291','MsMicheleNicole','Thu Aug 09 20:10:47 IST 2018','rt impepperanne i love song rt drizzyxcole i tell clown came back bite literally jskdkdkfkf ','Cinema','Cinema : 1','1','0','0','song ','1.0','1.791759469228055','1.791759469228055','1.7'),('292','RaganSanders8','Thu Aug 09 20:11:06 IST 2018','rt amberxwdw album release month just album release first album wdw first 4/5 son ','Cinema','Cinema : 5','5','0','0','album release album release album ','2.609437942504883','1.9459101490553132','5.077731775650267','5.0'),('293','magiclegend93','Thu Aug 09 20:11:03 IST 2018','song freak released beauty marks entertainment second single ciara ne release imprint ','Cinema','Cinema : 3','3','0','0','song entertainment release ','2.0986123085021973','2.302585092994046','4.832233417530981','4.8'),('294','anxiousbish_','Thu Aug 09 20:10:47 IST 2018','rt heavydirtytree_ wait tyler josh purposely leak song early us saying your song next day t ','Cinema','Cinema : 2','2','0','0','song song ','1.6931471824645996','1.791759469228055','3.033712496977748','3.0'),('295','TheRealKhosta','Thu Aug 09 20:10:26 IST 2018','complexmusic lmao song even official release doe ','Cinema','Cinema : 2, News : 1','2','0','1','song official release ','2.0986123085021973','2.0794415416798357','4.363941614180088','4.3'),('296','NalediMunaka','Thu Aug 09 20:10:24 IST 2018','rt queennaija old yall gospel song i wrote i release ','Cinema','Cinema : 2','2','0','0','song release ','1.6931471824645996','1.9459101490553132','3.2947122862022726','3.2'),('297','smithanandp171','Thu Aug 09 20:10:09 IST 2018','rt chennaitimestoi video song #vilambaraidaive #imaikkaanodigal release tomorrow 5 pm hiphoptamizha kabilanvai ','Cinema','Cinema : 2','2','0','0','song release ','1.6931471824645996','1.9459101490553132','3.2947122862022726','3.2'),('298','ForeverTae309','Thu Aug 09 20:09:59 IST 2018','rt 309ktyss d-1 taeyeons sm station song taeyeon & melomance release page 0 august 10 6 pm kst check mv teaser y ','Cinema','Cinema : 2','2','0','0','song release ','1.6931471824645996','1.9459101490553132','3.2947122862022726','3.2'),('299','MTSManagement','Thu Aug 09 20:09:44 IST 2018','rt avaliveradio new release friend canada lets show support new song victoria_watts1 anjakotar kayleesha ','Cinema','Cinema : 2','2','0','0','release song ','1.6931471824645996','1.9459101490553132','3.2947122862022726','3.2'),('300','SanmitAdawadkar','Thu Aug 09 20:09:05 IST 2018','pls release rain fight song video ','Cinema','Cinema : 2','2','0','0','release song ','1.6931471824645996','1.9459101490553132','3.2947122862022726','3.2'),('301','JLoFrance12','Thu Aug 09 20:08:51 IST 2018','rt farhanjlover it`s rumore jlo going release new song next week & ready perform 2018 vmas going perf ','Cinema','Cinema : 2','2','0','0','release song ','1.6931471824645996','1.9459101490553132','3.2947122862022726','3.2'),('302','dysabevs','Thu Aug 09 20:08:41 IST 2018','rt jiminandme bangtan release group song & mv title answer instead just like epilogue young forever ','Cinema','Cinema : 2','2','0','0','release song ','1.6931471824645996','1.9459101490553132','3.2947122862022726','3.2'),('303','Sphe09014438','Thu Aug 09 20:07:52 IST 2018','rt princekaybee_sa song #clubcontroller played in-house engineer yesterday announcing release date soon thank ','Cinema','Cinema : 2','2','0','0','song release ','1.6931471824645996','1.9459101490553132','3.2947122862022726','3.2'),('304','nicolealsair','Thu Aug 09 20:07:33 IST 2018','cant believe hours away know album release cant wait listen song like 100 times ea ','Cinema','Cinema : 3','3','0','0','album release song ','2.0986123085021973','1.9459101490553132','4.083710990046826','4.0'),('305','maretta_0911','Thu Aug 09 20:07:26 IST 2018','rt amberxwdw album release month just album release first album wdw first 4/5 son ','Cinema','Cinema : 5','5','0','0','album release album release album ','2.609437942504883','1.9459101490553132','5.077731775650267','5.0'),('306','jordanmerc','Thu Aug 09 20:06:51 IST 2018','rt amberxwdw album release month just album release first album wdw first 4/5 son ','Cinema','Cinema : 5','5','0','0','album release album release album ','2.609437942504883','1.9459101490553132','5.077731775650267','5.0'),('307','dybalagarrix','Thu Aug 09 20:06:14 IST 2018','rt r3hab i release song tomorrow yes hit emoji ','Cinema','Cinema : 2','2','0','0','release song ','1.6931471824645996','1.9459101490553132','3.2947122862022726','3.2'),('308','capscoupscino','Thu Aug 09 20:05:46 IST 2018','rt theseoulstory covering song actual collab seventeen dokyeom & yang dail announce duet song release august 9th ','Cinema','Cinema : 3','3','0','0','song song release ','2.0986123085021973','1.9459101490553132','4.083710990046826','4.0'),('309','dsmcr69','Thu Aug 09 20:05:46 IST 2018','rt alphaomegamgmt son of shotgun release recap cannibal corpse shows new song unveile norwegian one-man-band ivan œmeathook ','Cinema','Cinema : 2','2','0','0','release song ','1.6931471824645996','1.9459101490553132','3.2947122862022726','3.2'),('310','CaesarImagine','Thu Aug 09 20:05:40 IST 2018','rt r3hab i release song tomorrow yes hit emoji ','Cinema','Cinema : 2','2','0','0','release song ','1.6931471824645996','1.9459101490553132','3.2947122862022726','3.2'),('311','FarhanJLOVER','Thu Aug 09 20:05:21 IST 2018','it`s rumore jlo going release new song next week & ready perform 2018 vmas going t ','Cinema','Cinema : 2','2','0','0','release song ','1.6931471824645996','1.9459101490553132','3.2947122862022726','3.2'),('312','bbikbbik12','Thu Aug 09 20:04:55 IST 2018','rt k_life88 believe yg refused release bigbangs blue single bb fought release song first song ','Cinema','Cinema : 4','4','0','0','release release song song ','2.386294364929199','1.9459101490553132','4.643514423349232','4.6'),('313','Bennet8Mckenzie','Thu Aug 09 20:04:54 IST 2018','rt amberxwdw album release month just album release first album wdw first 4/5 son ','Cinema','Cinema : 5','5','0','0','album release album release album ','2.609437942504883','1.9459101490553132','5.077731775650267','5.0'),('314','SG_ShiningStar','Thu Aug 09 20:04:51 IST 2018','rt nimasha4sg literally wait around 15 mon get masterpiece shreyaghoshal cant wait listen 1st ever wild life ant ','Others','','0','0','0','',NULL,NULL,NULL,NULL),('315','AppohJay','Thu Aug 09 20:04:20 IST 2018','rt 1arabicman kaii i really cant wait everyone listen song im release titled #morethan i need full support guys ','Cinema','Cinema : 2','2','0','0','song release ','1.6931471824645996','1.9459101490553132','3.2947122862022726','3.2'),('316','_vvip_18','Thu Aug 09 20:04:05 IST 2018','rt k_life88 believe yg refused release bigbangs blue single bb fought release song first song ','Cinema','Cinema : 4','4','0','0','release release song song ','2.386294364929199','1.9459101490553132','4.643514423349232','4.6'),('317','snowingwdw','Thu Aug 09 20:04:03 IST 2018','rt amberxwdw album release month just album release first album wdw first 4/5 son ','Cinema','Cinema : 5','5','0','0','album release album release album ','2.609437942504883','1.9459101490553132','5.077731775650267','5.0'),('318','pmo1014','Thu Aug 09 20:03:45 IST 2018','rt k_life88 believe yg refused release bigbangs blue single bb fought release song first song ','Cinema','Cinema : 4','4','0','0','release release song song ','2.386294364929199','1.9459101490553132','4.643514423349232','4.6'),('319','baejongwonu','Thu Aug 09 20:03:43 IST 2018','rt theseoulstory covering song actual collab seventeen dokyeom & yang dail announce duet song release august 9th ','Cinema','Cinema : 3','3','0','0','song song release ','2.0986123085021973','1.9459101490553132','4.083710990046826','4.0'),('320','_1ff4h_','Thu Aug 09 20:03:33 IST 2018','rt chiorinejoseph tyler *leaks levitate* tyler oh josh levitate got leak josh tyler you- tyler oh well we should just release ','Cinema','Cinema : 1','1','0','0','release ','1.0','2.1972245773362196','2.1972245773362196','2.1'),('321','BlurryNicoFace','Thu Aug 09 20:03:06 IST 2018','rt chiorinejoseph tyler *leaks levitate* tyler oh josh levitate got leak josh tyler you- tyler oh well we should just release ','Cinema','Cinema : 1','1','0','0','release ','1.0','2.1972245773362196','2.1972245773362196','2.1'),('322','Younginfargo','Thu Aug 09 20:02:54 IST 2018','i got leak nwa baby listened trash now im praying fervently god official re ','News',', News : 1','0','0','1','official ','1.0','2.302585092994046','2.302585092994046','2.3'),('323','HaileyBonner2','Thu Aug 09 20:02:38 IST 2018','bts_twt ive read times already reason im gett real bad feel i dont like i ','Others','','0','0','0','',NULL,NULL,NULL,NULL),('324','flyingJiiwon','Thu Aug 09 20:02:36 IST 2018','aaaaah peno going release song coco bottle 15th omg ','Cinema','Cinema : 2','2','0','0','release song ','1.6931471824645996','1.9459101490553132','3.2947122862022726','3.2'),('325','HERRONXGRAY','Thu Aug 09 20:02:22 IST 2018','rt amberxwdw album release month just album release first album wdw first 4/5 son ','Cinema','Cinema : 5','5','0','0','album release album release album ','2.609437942504883','1.9459101490553132','5.077731775650267','5.0'),('326','parkingsehun','Thu Aug 09 20:02:04 IST 2018','rt xunhuas launching show baekhyun x locos collaborate mentioned & theyre said hv prepare rly well-suited/good song ','Cinema','Cinema : 1','1','0','0','song ','1.0','1.791759469228055','1.791759469228055','1.7'),('327','dxxyxxl','Thu Aug 09 20:01:47 IST 2018','rt jiyongchybimin top started popular underground rapper taking stage name tempo release song œbuckwild featuring nbk ','Cinema','Cinema : 3','3','0','0','tempo release song ','2.0986123085021973','1.9459101490553132','4.083710990046826','4.0'),('328','kellysia_halim','Thu Aug 09 20:01:08 IST 2018','rt morningpassages though state release treate sehun chanyeols upcome track like promotion comeback song ','Cinema','Cinema : 2, News : 1','2','0','1','state release song ','2.0986123085021973','1.9459101490553132','4.083710990046826','4.0'),('329','BritAsiaTV','Thu Aug 09 20:00:37 IST 2018','#monobina latest song released upcome bollywood movie #gold starring akshaykumar chec ','Cinema','Cinema : 3','3','0','0','song bollywood movie ','2.0986123085021973','2.0794415416798357','4.363941614180088','4.3'),('330','SporaYora2','Thu Aug 09 20:00:16 IST 2018','rt jiminandme bangtan release group song & mv title answer instead just like epilogue young forever ','Cinema','Cinema : 2','2','0','0','release song ','1.6931471824645996','1.9459101490553132','3.2947122862022726','3.2'),('331','furance_azhelle','Thu Aug 09 19:59:59 IST 2018','rt chiorinejoseph tyler *leaks levitate* tyler oh josh levitate got leak josh tyler you- tyler oh well we should just release ','Cinema','Cinema : 1','1','0','0','release ','1.0','2.1972245773362196','2.1972245773362196','2.1'),('332','nimasha4sg','Thu Aug 09 19:59:42 IST 2018','literally wait around 15 mon get masterpiece shreyaghoshal cant wait listen 1st ever wild ','Others','','0','0','0','',NULL,NULL,NULL,NULL),('333','absolutelyCYJ','Thu Aug 09 19:59:41 IST 2018','anyone know exactly release date new unificate song youngjae ','Cinema','Cinema : 2','2','0','0','release song ','1.6931471824645996','1.9459101490553132','3.2947122862022726','3.2'),('334','BBFOREVER99','Thu Aug 09 19:59:25 IST 2018','rt k_life88 believe yg refused release bigbangs blue single bb fought release song first song ','Cinema','Cinema : 4','4','0','0','release release song song ','2.386294364929199','1.9459101490553132','4.643514423349232','4.6'),('335','drbrendabradley','Thu Aug 09 19:59:09 IST 2018','i love latest release itsellamai called bood up gathering food jamme song i real ','Cinema','Cinema : 2','2','0','0','release song ','1.6931471824645996','1.9459101490553132','3.2947122862022726','3.2'),('336','eric_meeks10','Thu Aug 09 19:58:16 IST 2018','i honestly forgot good song release pearl jam ','Cinema','Cinema : 2','2','0','0','song release ','1.6931471824645996','1.9459101490553132','3.2947122862022726','3.2'),('337','risibly','Thu Aug 09 19:57:38 IST 2018','hacknslash25 yeah missed opportunity take song give unique spin i dont necessarily m ','Cinema','Cinema : 1','1','0','0','song ','1.0','1.791759469228055','1.791759469228055','1.7'),('338','treesword','Thu Aug 09 19:57:35 IST 2018','rt 309ktyss d-1 taeyeons sm station song taeyeon & melomance release page 0 august 10 6 pm kst check mv teaser y ','Cinema','Cinema : 2','2','0','0','song release ','1.6931471824645996','1.9459101490553132','3.2947122862022726','3.2'),('339','kyul0729','Thu Aug 09 19:57:22 IST 2018','rt theseoulstory covering song actual collab seventeen dokyeom & yang dail announce duet song release august 9th ','Cinema','Cinema : 3','3','0','0','song song release ','2.0986123085021973','1.9459101490553132','4.083710990046826','4.0'),('340','kwonhurricane','Thu Aug 09 19:57:13 IST 2018','rt theseoulstory covering song actual collab seventeen dokyeom & yang dail announce duet song release august 9th ','Cinema','Cinema : 3','3','0','0','song song release ','2.0986123085021973','1.9459101490553132','4.083710990046826','4.0'),('341','SahilYa04239904','Thu Aug 09 19:56:52 IST 2018','priyaadivarekar asliyoyo shahidkapoor tseries plzzzz announce release date song cant wait ','Cinema','Cinema : 2','2','0','0','release song ','1.6931471824645996','1.9459101490553132','3.2947122862022726','3.2'),('342','Occultlover25','Thu Aug 09 19:56:22 IST 2018','rt theseoulstory covering song actual collab seventeen dokyeom & yang dail announce duet song release august 9th ','Cinema','Cinema : 3','3','0','0','song song release ','2.0986123085021973','1.9459101490553132','4.083710990046826','4.0'),('343','takoyutti__','Thu Aug 09 19:55:53 IST 2018','rt tobikko_eng jumps new song release tomorrow zip ','Cinema','Cinema : 2','2','0','0','song release ','1.6931471824645996','1.9459101490553132','3.2947122862022726','3.2'),('344','dich62','Thu Aug 09 19:55:38 IST 2018','rt billyfurymuseum japanese release billys hit parade lp japanese bio inlay song titles #billyfury ','Cinema','Cinema : 2','2','0','0','release song ','1.6931471824645996','1.9459101490553132','3.2947122862022726','3.2'),('345','wonwoohes','Thu Aug 09 19:55:22 IST 2018','rt theseoulstory covering song actual collab seventeen dokyeom & yang dail announce duet song release august 9th ','Cinema','Cinema : 3','3','0','0','song song release ','2.0986123085021973','1.9459101490553132','4.083710990046826','4.0'),('346','pledis_xvii','Thu Aug 09 19:54:53 IST 2018','rt theseoulstory covering song actual collab seventeen dokyeom & yang dail announce duet song release august 9th ','Cinema','Cinema : 3','3','0','0','song song release ','2.0986123085021973','1.9459101490553132','4.083710990046826','4.0'),('347','pink_youngie','Thu Aug 09 19:54:53 IST 2018','rt sonexstella tiffany #overmyskin œits summer release confident hot song i wanted incorporate elements k-pop ','Cinema','Cinema : 2','2','0','0','release song ','1.6931471824645996','1.9459101490553132','3.2947122862022726','3.2'),('348','ash_oppxr','Thu Aug 09 19:54:51 IST 2018','rt theseoulstory covering song actual collab seventeen dokyeom & yang dail announce duet song release august 9th ','Cinema','Cinema : 3','3','0','0','song song release ','2.0986123085021973','1.9459101490553132','4.083710990046826','4.0'),('349','tofu_woozi','Thu Aug 09 19:54:30 IST 2018','rt theseoulstory covering song actual collab seventeen dokyeom & yang dail announce duet song release august 9th ','Cinema','Cinema : 3','3','0','0','song song release ','2.0986123085021973','1.9459101490553132','4.083710990046826','4.0'),('350','kordeiskid','Thu Aug 09 19:54:25 IST 2018','calvin bout release song normani collab ','Cinema','Cinema : 2','2','0','0','release song ','1.6931471824645996','1.9459101490553132','3.2947122862022726','3.2'),('351','kennybiba','Thu Aug 09 19:54:25 IST 2018','rt ibrahshamar ibrah shamar set release single titled ewo ft _lesdo di plug out *ep* 10/08/18 3pm tomorrow song pr ','Cinema','Cinema : 2','2','0','0','release song ','1.6931471824645996','1.9459101490553132','3.2947122862022726','3.2'),('352','Joyce_zy9','Thu Aug 09 19:54:16 IST 2018','rt 309ktyss d-1 taeyeons sm station song taeyeon & melomance release page 0 august 10 6 pm kst check mv teaser y ','Cinema','Cinema : 2','2','0','0','song release ','1.6931471824645996','1.9459101490553132','3.2947122862022726','3.2'),('353','bidexmimi','Thu Aug 09 19:54:07 IST 2018','rt s_ujah hallelujah song johnny drille & simi good last time good combo nigeria jeremiah gya ','Cinema','Cinema : 1','1','0','0','song ','1.0','1.791759469228055','1.791759469228055','1.7'),('354','oouuarian','Thu Aug 09 19:53:54 IST 2018','tomorrow friday but codyjohnson release new song saturday get go concert ','Cinema','Cinema : 2','2','0','0','release song ','1.6931471824645996','1.9459101490553132','3.2947122862022726','3.2'),('355','yro12eg','Thu Aug 09 19:53:34 IST 2018','rt k_life88 believe yg refused release bigbangs blue single bb fought release song first song ','Cinema','Cinema : 4','4','0','0','release release song song ','2.386294364929199','1.9459101490553132','4.643514423349232','4.6'),('356','thothoedinson','Thu Aug 09 19:53:12 IST 2018','rt amberxwdw album release month just album release first album wdw first 4/5 son ','Cinema','Cinema : 5','5','0','0','album release album release album ','2.609437942504883','1.9459101490553132','5.077731775650267','5.0'),('357','exojongchan','Thu Aug 09 19:53:12 IST 2018','rt mklovesexo exo wont release english studio version for life instead thatll song i walk aisle ever i ','Cinema','Cinema : 2','2','0','0','release song ','1.6931471824645996','1.9459101490553132','3.2947122862022726','3.2'),('358','OliviaisMyGod','Thu Aug 09 19:53:05 IST 2018','rt sonexstella tiffany #overmyskin œits summer release confident hot song i wanted incorporate elements k-pop ','Cinema','Cinema : 2','2','0','0','release song ','1.6931471824645996','1.9459101490553132','3.2947122862022726','3.2'),('359','heartingzach','Thu Aug 09 19:52:58 IST 2018','rt amberxwdw album release month just album release first album wdw first 4/5 son ','Cinema','Cinema : 5','5','0','0','album release album release album ','2.609437942504883','1.9459101490553132','5.077731775650267','5.0'),('360','yoontaesi','Thu Aug 09 19:52:56 IST 2018','rt 309ktyss d-1 taeyeons sm station song taeyeon & melomance release page 0 august 10 6 pm kst check mv teaser y ','Cinema','Cinema : 2','2','0','0','song release ','1.6931471824645996','1.9459101490553132','3.2947122862022726','3.2'),('361','taamriel','Thu Aug 09 19:52:46 IST 2018','rt 9muses_net info #starempire release special music video #9muses official fan song tomine groups 8th anniversary ','Cinema','Cinema : 4, News : 1','4','0','1','release music music official song ','2.609437942504883','1.9459101490553132','5.077731775650267','5.0'),('362','tangerineprince','Thu Aug 09 19:52:45 IST 2018','rt 309ktyss d-1 taeyeons sm station song taeyeon & melomance release page 0 august 10 6 pm kst check mv teaser y ','Cinema','Cinema : 2','2','0','0','song release ','1.6931471824645996','1.9459101490553132','3.2947122862022726','3.2'),('363','angryseokjinnie','Thu Aug 09 19:52:30 IST 2018','rt geniustae new song not release yet but already song of the year how ','Cinema','Cinema : 3','3','0','0','song release song ','2.0986123085021973','1.9459101490553132','4.083710990046826','4.0'),('364','21stcenturyemo_','Thu Aug 09 19:50:55 IST 2018','rt chiorinejoseph tyler *leaks levitate* tyler oh josh levitate got leak josh tyler you- tyler oh well we should just release ','Cinema','Cinema : 1','1','0','0','release ','1.0','2.1972245773362196','2.1972245773362196','2.1'),('365','hophead_dog','Thu Aug 09 19:50:29 IST 2018','rt billyfurymuseum japanese release billys hit parade lp japanese bio inlay song titles #billyfury ','Cinema','Cinema : 2','2','0','0','release song ','1.6931471824645996','1.9459101490553132','3.2947122862022726','3.2'),('366','hanyuhi16','Thu Aug 09 19:50:20 IST 2018','rt idolate new release troyesivans bloom gets excit animal exception listen sexy torch song ','Cinema','Cinema : 2','2','0','0','release song ','1.6931471824645996','1.9459101490553132','3.2947122862022726','3.2'),('367','jordandodsworth','Thu Aug 09 19:50:13 IST 2018','people release solo album dave grohl releases 22min solo song epic ','Cinema','Cinema : 3, News : 1','3','0','1','people release album song ','2.386294364929199','1.9459101490553132','4.643514423349232','4.6'),('368','GeniusTae','Thu Aug 09 19:50:00 IST 2018','new song not release yet but already song of the year how ','Cinema','Cinema : 3','3','0','0','song release song ','2.0986123085021973','1.9459101490553132','4.083710990046826','4.0'),('369','alphamogi','Thu Aug 09 19:49:57 IST 2018','rt jiminandme bangtan release group song & mv title answer instead just like epilogue young forever ','Cinema','Cinema : 2','2','0','0','release song ','1.6931471824645996','1.9459101490553132','3.2947122862022726','3.2'),('370','EfuaUnugbua','Thu Aug 09 19:49:56 IST 2018','rt majeekdaniel dear burnaboy informate got theres another video i beg name god please release ','Cinema','Cinema : 1','1','0','0','release ','1.0','2.1972245773362196','2.1972245773362196','2.1'),('371','denay_cox','Thu Aug 09 19:49:45 IST 2018','rt therealaandt ok gett everything ready release regard song yall love œright back congrats yall ','Cinema','Cinema : 2','2','0','0','release song ','1.6931471824645996','1.9459101490553132','3.2947122862022726','3.2'),('372','musicmorg','Thu Aug 09 19:49:18 IST 2018','rt chiorinejoseph tyler *leaks levitate* tyler oh josh levitate got leak josh tyler you- tyler oh well we should just release ','Cinema','Cinema : 1','1','0','0','release ','1.0','2.1972245773362196','2.1972245773362196','2.1'),('373','SPG_CC5H','Thu Aug 09 19:49:09 IST 2018','rt rosecabellos camila please release song ','Cinema','Cinema : 2','2','0','0','release song ','1.6931471824645996','1.9459101490553132','3.2947122862022726','3.2'),('374','BillyFuryMuseum','Thu Aug 09 19:48:51 IST 2018','japanese release billys hit parade lp japanese bio inlay song titles #billyfury ','Cinema','Cinema : 2','2','0','0','release song ','1.6931471824645996','1.9459101490553132','3.2947122862022726','3.2'),('375','m_r_s_h_n','Thu Aug 09 19:48:41 IST 2018','i think climate change best explained lazy aunt olgas favorite song catch & release ','Cinema','Cinema : 2','2','0','0','song release ','1.6931471824645996','1.9459101490553132','3.2947122862022726','3.2'),('376','Jennsy_dht','Thu Aug 09 19:48:08 IST 2018','rt sonesupport_ official hashtag sooyoung james music release today lets use hashtag promote song dont f ','Cinema','Cinema : 4, News : 1','4','0','1','official music music release song ','2.609437942504883','1.9459101490553132','5.077731775650267','5.0'),('377','KaitlynMann3','Thu Aug 09 19:47:33 IST 2018','watch fall 2018 release kaitlyns new song irresistible streame ','Cinema','Cinema : 2','2','0','0','release song ','1.6931471824645996','1.9459101490553132','3.2947122862022726','3.2'),('378','iKINGEAR','Thu Aug 09 19:47:01 IST 2018','rt 309ktyss d-1 taeyeons sm station song taeyeon & melomance release page 0 august 10 6 pm kst check mv teaser y ','Cinema','Cinema : 2','2','0','0','song release ','1.6931471824645996','1.9459101490553132','3.2947122862022726','3.2'),('379','ItisNanWooTime','Thu Aug 09 19:46:29 IST 2018','rt 309ktyss d-1 taeyeons sm station song taeyeon & melomance release page 0 august 10 6 pm kst check mv teaser y ','Cinema','Cinema : 2','2','0','0','song release ','1.6931471824645996','1.9459101490553132','3.2947122862022726','3.2'),('380','LeGuessWho','Thu Aug 09 19:46:24 IST 2018','songwriter vera sola release new album #lgw18 watch video soothing new song small minds ','Cinema','Cinema : 3','3','0','0','release album song ','2.0986123085021973','1.9459101490553132','4.083710990046826','4.0'),('381','SeaveyMaddy','Thu Aug 09 19:46:17 IST 2018','rt amberxwdw album release month just album release first album wdw first 4/5 son ','Cinema','Cinema : 5','5','0','0','album release album release album ','2.609437942504883','1.9459101490553132','5.077731775650267','5.0'),('382','awfulthwngs','Thu Aug 09 19:46:12 IST 2018','rt chiorinejoseph tyler *leaks levitate* tyler oh josh levitate got leak josh tyler you- tyler oh well we should just release ','Cinema','Cinema : 1','1','0','0','release ','1.0','2.1972245773362196','2.1972245773362196','2.1'),('383','THTFHQ','Thu Aug 09 19:46:10 IST 2018','rt thtfhq king of prism franchise release 2nd rush song collection album fall # #kinpri # ','Cinema','Cinema : 3','3','0','0','release song album ','2.0986123085021973','1.9459101490553132','4.083710990046826','4.0'),('384','BeingChennaites','Thu Aug 09 19:45:43 IST 2018','rt chennaitimestoi video song #vilambaraidaive #imaikkaanodigal release tomorrow 5 pm hiphop ','Cinema','Cinema : 2','2','0','0','song release ','1.6931471824645996','1.9459101490553132','3.2947122862022726','3.2'),('385','CathyLJ1','Thu Aug 09 19:45:26 IST 2018','#kriswu new song release 10th august #iheartradiommvasâ â â â â â  #mmvasâ â â â â â  #ffnewkriswu ','Cinema','Cinema : 2','2','0','0','song release ','1.6931471824645996','1.9459101490553132','3.2947122862022726','3.2'),('386','acoIdcaseIove','Thu Aug 09 19:45:18 IST 2018','lanadeifenty ask nicki release terrible song ','Cinema','Cinema : 2','2','0','0','release song ','1.6931471824645996','1.9459101490553132','3.2947122862022726','3.2'),('387','ChennaiTimesTOI','Thu Aug 09 19:45:02 IST 2018','video song #vilambaraidaive #imaikkaanodigal release tomorrow 5 pm hiphoptamizha ','Cinema','Cinema : 2','2','0','0','song release ','1.6931471824645996','1.9459101490553132','3.2947122862022726','3.2'),('388','domesticseo','Thu Aug 09 19:44:31 IST 2018','rt chilhd 4th release 170301 1002pm title 3racha 4th release ','Cinema','Cinema : 2','2','0','0','release release ','1.6931471824645996','2.1972245773362196','3.720224602358791','3.7'),('389','sehj19','Thu Aug 09 19:44:00 IST 2018','rt k_life88 believe yg refused release bigbangs blue single bb fought release song first song ','Cinema','Cinema : 4','4','0','0','release release song song ','2.386294364929199','1.9459101490553132','4.643514423349232','4.6'),('390','Sonatwicee','Thu Aug 09 19:43:53 IST 2018','rt 9muses_net info #starempire release special music video #9muses official fan song tomine groups 8th anniversary ','Cinema','Cinema : 4, News : 1','4','0','1','release music music official song ','2.609437942504883','1.9459101490553132','5.077731775650267','5.0'),('391','hyoladisha','Thu Aug 09 19:43:37 IST 2018','rt tobikko_eng jumps new song release tomorrow zip ','Cinema','Cinema : 2','2','0','0','song release ','1.6931471824645996','1.9459101490553132','3.2947122862022726','3.2'),('392','brentwoodcc5123','Thu Aug 09 20:12:47 IST 2018','armstrong caps record round cre par ','Others','','0','0','0','',NULL,NULL,NULL,NULL),('393','iliyaskhanu','Thu Aug 09 20:12:47 IST 2018','iamsrk #11yearsofchakdeindia aug 10 nation award popular film win sports drama shimit amin featuri ','Cinema','Cinema : 2, Sports : 1','2','1','0','award film sports ','2.0986123085021973','1.9459101490553132','4.083710990046826','4.0'),('394','nikitalennn','Thu Aug 09 20:12:47 IST 2018','rt tattedpoc bts different level im saying gorls arent thing theyre imagin ','Others','','0','0','0','',NULL,NULL,NULL,NULL),('395','Jimins_Pinkies','Thu Aug 09 20:12:46 IST 2018','rt doolsetbangtan update bts_twt selected candidate order cultural merit ministry culture sports tourism ','Sports',', Sports : 2','0','2','0','merit sports ','1.6931471824645996','1.9459101490553132','3.2947122862022726','3.2'),('396','joe_cavani2','Thu Aug 09 20:12:45 IST 2018','rt anfieldhq video former manchester city liverpool player craig bellamy says almost joined tottenham hotspur signing fo ','Sports',', Sports : 1','0','1','0','player ','1.0','2.0794415416798357','2.0794415416798357','2.0'),('397','bdnews24','Thu Aug 09 20:12:45 IST 2018','uci confirms #russian cyclist zabelinskayas change sports nationality ','Sports',', Sports : 1','0','1','0','sports ','1.0','2.0794415416798357','2.0794415416798357','2.0'),('398','ss_news_','Thu Aug 09 20:12:44 IST 2018','kawhi leonard says thank sanâ antonio tco/6xemoq2rrd ','Others','','0','0','0','',NULL,NULL,NULL,NULL),('399','gukjins','Thu Aug 09 20:12:44 IST 2018','rt doolsetbangtan update bts_twt selected candidate order cultural merit ministry culture sports tourism ','Sports',', Sports : 2','0','2','0','merit sports ','1.6931471824645996','1.9459101490553132','3.2947122862022726','3.2'),('400','neilgarner13','Thu Aug 09 20:12:43 IST 2018','9smudge come along years ago opened sports shop thurrock essex i kid ','Sports',', Sports : 1','0','1','0','sports ','1.0','2.0794415416798357','2.0794415416798357','2.0'),('401','WaldronStanton','Thu Aug 09 20:12:42 IST 2018','alashkert fc vs cfr cluj-napoca live streame tv list live scorelive telecast tv link >> ','Others','','0','0','0','',NULL,NULL,NULL,NULL),('402','DrJoshLieser','Thu Aug 09 20:12:42 IST 2018','rt rmsportspodcast listen beer boyz reign men sports #soundcloud #beer #firestonewalker #coors #budweiser #basketball #g ','Sports',', Sports : 1','0','1','0','sports ','1.0','2.0794415416798357','2.0794415416798357','2.0'),('403','sports___alerts','Thu Aug 09 20:12:41 IST 2018','whos nl mvp right now ','Others','','0','0','0','',NULL,NULL,NULL,NULL),('404','colabo','Thu Aug 09 20:12:40 IST 2018','colabo colabo japan japan-based filmmaker & actors japan-based extreme sports filmmaker & athletes ','Sports',', Sports : 1','0','1','0','sports ','1.0','2.0794415416798357','2.0794415416798357','2.0'),('405','Radhe36246764','Thu Aug 09 20:12:40 IST 2018','rt insansoffia #6daystomsgbirthday thousands people say no drugs just preach guruji gurmeetramrahim youth ','News',', News : 1','0','0','1','people ','1.0','2.0794415416798357','2.0794415416798357','2.0'),('406','signoramac','Thu Aug 09 20:12:40 IST 2018','rt philallman1 penny_ten school sports partnershipsprimary sports grant ict devted tech initi goes ','Sports',', Sports : 2','0','2','0','sports sports ','1.6931471824645996','2.0794415416798357','3.520800587395057','3.5'),('407','KuldeepCk','Thu Aug 09 20:12:40 IST 2018','rt vikrantgupta73 bcci counsel puneet bali sc bcci new draft | sports tak ','Sports',', Sports : 1','0','1','0','sports ','1.0','2.0794415416798357','2.0794415416798357','2.0'),('408','wee162','Thu Aug 09 20:12:39 IST 2018','mgjhfc eleven sports online atm think day 1&2 facebook free trial week 6 q ','Sports',', Sports : 1','0','1','0','sports ','1.0','2.0794415416798357','2.0794415416798357','2.0'),('409','ashh4401','Thu Aug 09 20:12:39 IST 2018','rt doolsetbangtan update bts_twt selected candidate order cultural merit ministry culture sports tourism ','Sports',', Sports : 2','0','2','0','merit sports ','1.6931471824645996','1.9459101490553132','3.2947122862022726','3.2'),('410','GoMahero','Thu Aug 09 20:12:39 IST 2018','rt doolsetbangtan update bts_twt selected candidate order cultural merit ministry culture sports tourism ','Sports',', Sports : 2','0','2','0','merit sports ','1.6931471824645996','1.9459101490553132','3.2947122862022726','3.2'),('411','JAYDIZZZZZZLE','Thu Aug 09 20:12:39 IST 2018','rt tmz cop pulled cleveland browns antonio callaway felt badly catch tmz sports fs1 tonight 12a et 9p pt ','Sports',', Sports : 1','0','1','0','sports ','1.0','2.0794415416798357','2.0794415416798357','2.0'),('412','rgelicalcanices','Thu Aug 09 20:12:39 IST 2018','rt doolsetbangtan update bts_twt selected candidate order cultural merit ministry culture sports tourism ','Sports',', Sports : 2','0','2','0','merit sports ','1.6931471824645996','1.9459101490553132','3.2947122862022726','3.2'),('413','NBahener804','Thu Aug 09 20:12:38 IST 2018','yall wanna make team sports individuals bad ','Sports',', Sports : 2','0','2','0','team sports ','1.6931471824645996','1.9459101490553132','3.2947122862022726','3.2'),('414','2019WCSG','Thu Aug 09 20:12:38 IST 2018','one year today welcome athletes coaches manager officials dignitaries greate city ','Others','','0','0','0','',NULL,NULL,NULL,NULL),('415','Mikasa4231','Thu Aug 09 20:12:38 IST 2018','rt thedailyleft us #pga championship 2018 first round “ live | sport | guardian ','Sports',', Sports : 1','0','1','0','championship ','1.0','2.6390573296152584','2.6390573296152584','2.6'),('416','RatnakarSays','Thu Aug 09 20:12:38 IST 2018','wonder gesture real madrid ronaldo tco/jod65u9kwt ','Others','','0','0','0','',NULL,NULL,NULL,NULL),('417','DayanaR99409629','Thu Aug 09 20:12:38 IST 2018','rt doolsetbangtan update bts_twt selected candidate order cultural merit ministry culture sports tourism ','Sports',', Sports : 2','0','2','0','merit sports ','1.6931471824645996','1.9459101490553132','3.2947122862022726','3.2'),('418','justin_fineberg','Thu Aug 09 20:12:37 IST 2018','rt rattazzios syracuse universityrank vs entire country accord princeton review 1 school spirit 2 school ','Others','','0','0','0','',NULL,NULL,NULL,NULL),('419','Lokesh4545','Thu Aug 09 20:12:37 IST 2018','rt ncbn visakhapatnam blessed beauti calm beaches like ramakrishna rushi konda beaches options water sports ','Sports',', Sports : 1','0','1','0','sports ','1.0','2.0794415416798357','2.0794415416798357','2.0'),('420','BeyondTheShine','Thu Aug 09 20:12:37 IST 2018','rt doolsetbangtan update bts_twt selected candidate order cultural merit ministry culture sports tourism ','Sports',', Sports : 2','0','2','0','merit sports ','1.6931471824645996','1.9459101490553132','3.2947122862022726','3.2'),('421','SIRMICKY91','Thu Aug 09 20:12:35 IST 2018','rt toontransfer sky sports newcastles loan move barcelona defender marlon santos player faile obtain work pe ','Sports',', Sports : 2','0','2','0','sports player ','1.6931471824645996','2.0794415416798357','3.520800587395057','3.5'),('422','Jake_McNabb35','Thu Aug 09 20:12:35 IST 2018','i voted #selfishbell thetylt show loyalty steeler ','Others','','0','0','0','',NULL,NULL,NULL,NULL),('423','bet_swagger','Thu Aug 09 20:12:34 IST 2018','registere #betswagger use username password access 2 swag casinos tco/iyk9si3xrs ','Others','','0','0','0','',NULL,NULL,NULL,NULL),('424','TheRecordSports','Thu Aug 09 20:12:34 IST 2018','rockland boulder 2018 schedule scores tco/dosnlukseu ','Others','','0','0','0','',NULL,NULL,NULL,NULL),('425','TMZ_Sports','Thu Aug 09 20:12:34 IST 2018','johnny manziel calls rough cfl start one humbl experiences ','Others','','0','0','0','',NULL,NULL,NULL,NULL),('426','Lawd954','Thu Aug 09 20:12:34 IST 2018','rt __tj15 bleacherreport tmz_sports good boy ','Others','','0','0','0','',NULL,NULL,NULL,NULL),('427','LFCNuke','Thu Aug 09 20:12:33 IST 2018','feel sorry sky sports deadline day wasnt long ago invented football now theyre force ','Sports',', Sports : 2','0','2','0','sports football ','1.6931471824645996','2.1972245773362196','3.720224602358791','3.7'),('428','bhatia_manpreet','Thu Aug 09 20:12:33 IST 2018','rt htpunjab sikh wrestler allowed compete ˜patka turkey seeks intervention sports ministry httweets ','Sports',', Sports : 1','0','1','0','sports ','1.0','2.0794415416798357','2.0794415416798357','2.0'),('429','bangthanos','Thu Aug 09 20:12:33 IST 2018','rt doolsetbangtan update bts_twt selected candidate order cultural merit ministry culture sports tourism ','Sports',', Sports : 2','0','2','0','merit sports ','1.6931471824645996','1.9459101490553132','3.2947122862022726','3.2'),('430','411onStl','Thu Aug 09 20:12:32 IST 2018','rt stltoday tiger woods star-studded group begin play bellerive tco/cwf6dt952j ','Sports',', Sports : 1','0','1','0','play ','1.0','1.791759469228055','1.791759469228055','1.7'),('431','dominicnicole_','Thu Aug 09 20:12:32 IST 2018','rt tattedpoc bts different level im saying gorls arent thing theyre imagin ','Others','','0','0','0','',NULL,NULL,NULL,NULL),('432','sports___alerts','Thu Aug 09 20:12:32 IST 2018','whos nl cy young right now ','Others','','0','0','0','',NULL,NULL,NULL,NULL),('433','softlyoons','Thu Aug 09 20:12:32 IST 2018','rt doolsetbangtan update bts_twt selected candidate order cultural merit ministry culture sports tourism ','Sports',', Sports : 2','0','2','0','merit sports ','1.6931471824645996','1.9459101490553132','3.2947122862022726','3.2'),('434','guklips','Thu Aug 09 20:12:31 IST 2018','rt doolsetbangtan bts_twt selected candidate order cultural merit ministry culture sports tourism ','Sports',', Sports : 2','0','2','0','merit sports ','1.6931471824645996','1.9459101490553132','3.2947122862022726','3.2'),('435','hairienorli','Thu Aug 09 20:12:31 IST 2018','rt azpifc seen someone say kovacic massive upgrade bakayoko loool play different sports ','Sports',', Sports : 2','0','2','0','play sports ','1.6931471824645996','1.9459101490553132','3.2947122862022726','3.2'),('436','VBBansal2','Thu Aug 09 20:12:31 IST 2018','rt imkasam_insha #meditationdoesmiracles *meditate d best way increase power boost self confidence t ','Others','','0','0','0','',NULL,NULL,NULL,NULL),('437','FortisBen','Thu Aug 09 20:12:29 IST 2018','dont forget join us dukes meadow tomorrow friday 130pm #malvern summer fun day bouncy castl ','Others','','0','0','0','',NULL,NULL,NULL,NULL),('438','LotfiWada','Thu Aug 09 20:12:29 IST 2018','games broadcast abu dhabi sports channels exclusive broadcaster complete tourne ','Sports',', Sports : 1','0','1','0','sports ','1.0','2.0794415416798357','2.0794415416798357','2.0'),('439','AshokKu31020691','Thu Aug 09 20:12:28 IST 2018','rt insangazal2 #meditationdoesmiracles meditate d best way increase power boost self confidence ','Others','','0','0','0','',NULL,NULL,NULL,NULL),('440','dreamjkook','Thu Aug 09 20:12:28 IST 2018','rt doolsetbangtan update bts_twt selected candidate order cultural merit ministry culture sports tourism ','Sports',', Sports : 2','0','2','0','merit sports ','1.6931471824645996','1.9459101490553132','3.2947122862022726','3.2'),('441','Ern_N_Burn','Thu Aug 09 20:12:28 IST 2018','rt crillmatic_ steph curry raises $21k family nia wilson ','Others','','0','0','0','',NULL,NULL,NULL,NULL),('442','holyilsan','Thu Aug 09 20:12:27 IST 2018','rt tattedpoc bts different level im saying gorls arent thing theyre imagin ','Others','','0','0','0','',NULL,NULL,NULL,NULL),('443','nickmoff','Thu Aug 09 20:12:27 IST 2018','position previews area quarterbacks bring plenty experience #iahsfb ','Others','','0','0','0','',NULL,NULL,NULL,NULL),('444','MaiXSuga','Thu Aug 09 20:12:27 IST 2018','rt btsjimin03_ - bts first korean artists perform us stadium - bts candidate order cultural merit minist ','Equal','Cinema : 1, Sports : 1','1','1','0','artists merit ','1.6931471824645996','2.0794415416798357','3.520800587395057','3.5'),('445','PopUCulture_com','Thu Aug 09 20:12:26 IST 2018','nmag unm violated open meet act cutt sports ','Sports',', Sports : 1','0','1','0','sports ','1.0','2.0794415416798357','2.0794415416798357','2.0'),('446','dt_next','Thu Aug 09 20:12:26 IST 2018','#philippines basketball rules sport scene football minor player #neiletheridge ho ','Sports',', Sports : 3','0','3','0','basketball football player ','2.0986123085021973','2.302585092994046','4.832233417530981','4.8'),('447','Matt_Vare','Thu Aug 09 20:12:26 IST 2018','tsslufc nastylufc thats annoys mewhen people spew oh look radz potless radz gett richer ','News',', News : 1','0','0','1','people ','1.0','2.0794415416798357','2.0794415416798357','2.0'),('448','DandBPalisades','Thu Aug 09 20:12:26 IST 2018','plan fantasy football draft party book dave & buster palisades book event 9/5 & choo ','Sports',', Sports : 1','0','1','0','football ','1.0','2.302585092994046','2.302585092994046','2.3'),('449','kathysgallery','Thu Aug 09 20:12:26 IST 2018','rt m_cherry_315 55counties completely invest politics image personality person ','News',', News : 1','0','0','1','politics ','1.0','2.302585092994046','2.302585092994046','2.3'),('450','bachyns','Thu Aug 09 20:12:25 IST 2018','concernedmom9 apparently unique iowa iowans asking school administrators ','Others','','0','0','0','',NULL,NULL,NULL,NULL),('451','NickelPressTV','Thu Aug 09 20:12:25 IST 2018','rt thegreatemolerate all-bust team 2018 via usatodaysports #fantasyfootball #nfl ','Sports',', Sports : 1','0','1','0','team ','1.0','1.791759469228055','1.791759469228055','1.7'),('452','CoachJeffEssig','Thu Aug 09 20:12:24 IST 2018','rt mlaughman preview day 2 #sbaac become premier league 4 teams reach postseason #cincyfb sbcscores1 nrhsathletics coachpburk ','Sports',', Sports : 2','0','2','0','premier league ','1.6931471824645996','2.0794415416798357','3.520800587395057','3.5'),('453','BASRaTorg','Thu Aug 09 20:12:24 IST 2018','vacancy first team sports therapist - news - ware fc ','Sports',', Sports : 2, News : 1','0','2','1','team sports news ','2.0986123085021973','1.791759469228055','3.76020847599736','3.7'),('454','cfalcs3','Thu Aug 09 20:12:22 IST 2018','rt azcsports œpersonally i know busi inside i know takes best i know takes get nfl ','Others','','0','0','0','',NULL,NULL,NULL,NULL),('455','dawn8_dawn','Thu Aug 09 20:12:22 IST 2018','rt tamarockalane you pass wallet biopsy old article nothing changed wealthy get transplants working ','Others','','0','0','0','',NULL,NULL,NULL,NULL),('456','DavidNeilJR','Thu Aug 09 20:12:22 IST 2018','watching fall felix sad one loyal guys seattle sports history wishing mariner ','Sports',', Sports : 1','0','1','0','sports ','1.0','2.0794415416798357','2.0794415416798357','2.0'),('457','ronnopwasky03','Thu Aug 09 20:12:22 IST 2018','rt dcsportsbog jayson werth showed right field dominion bulls dc mens senior baseball league launched ','Sports',', Sports : 1','0','1','0','league ','1.0','2.0794415416798357','2.0794415416798357','2.0'),('458','CoversJLo','Thu Aug 09 20:12:22 IST 2018','rt cover hall fame game served appetize football-starved sports bettors now first full slate nfl p ','Sports',', Sports : 1','0','1','0','sports ','1.0','2.0794415416798357','2.0794415416798357','2.0'),('459','VerretteTerry','Thu Aug 09 20:12:22 IST 2018','rt hotpelicans sports analysts rank nuggets pretty high nba western conference stand lately even ','Sports',', Sports : 1','0','1','0','sports ','1.0','2.0794415416798357','2.0794415416798357','2.0'),('460','sports___alerts','Thu Aug 09 20:12:22 IST 2018','whos al rookie year right now ','Others','','0','0','0','',NULL,NULL,NULL,NULL),('461','BradThomas','Thu Aug 09 20:12:21 IST 2018','rt luseesworld tribal community melt pot everyone belongs years now soccer turn ','Sports',', Sports : 1','0','1','0','soccer ','1.0','2.0794415416798357','2.0794415416798357','2.0'),('462','RomeluuLukakuu','Thu Aug 09 20:12:21 IST 2018','rt footyaccums sky sports news presenter gets splashed passe car exactly want live tv credit skys ','Equal',', Sports : 1, News : 1','0','1','1','sports news ','1.6931471824645996','1.9459101490553132','3.2947122862022726','3.2'),('463','sedition481','Thu Aug 09 20:12:20 IST 2018','steph curry trumps lebron tweet rooted racism ','Others','','0','0','0','',NULL,NULL,NULL,NULL),('464','ShakeyP_','Thu Aug 09 20:12:20 IST 2018','rt ahleeyou logan jake paul blew 90s theyd kickass cartoon live mansion xtreme sports ','Sports',', Sports : 1','0','1','0','sports ','1.0','2.0794415416798357','2.0794415416798357','2.0'),('465','danna_bibingka','Thu Aug 09 20:12:19 IST 2018','rt rapplersports breaking news congratulations philippines batang gilas defeats bahrain fiba asia under-18 quarterfinals ','News',', News : 2','0','0','2','breaking news ','1.6931471824645996','2.0794415416798357','3.520800587395057','3.5'),('466','AntonChigurh81','Thu Aug 09 20:12:19 IST 2018','rt spittinchiclets watch crosby mackinnon9 go day long via youtube/sports moore ','Others','','0','0','0','',NULL,NULL,NULL,NULL),('467','topeszz','Thu Aug 09 20:12:19 IST 2018','rt anandmahindra im badminton expert cant imagine shot sai practice moral matter ','Sports',', Sports : 1','0','1','0','badminton ','1.0','2.3978952727983707','2.3978952727983707','2.3'),('468','hbcufanapp','Thu Aug 09 20:12:18 IST 2018','ciaa announces hiring coordinators basketball officials #hbcu #sports #news ','Sports',', Sports : 1','0','1','0','basketball ','1.0','2.4849066497880004','2.4849066497880004','2.4'),('469','TengkuShrfh','Thu Aug 09 20:12:18 IST 2018','sports affairs badminton futsal court batu 9 cheras selangor ','Sports',', Sports : 2','0','2','0','sports badminton ','1.6931471824645996','2.1972245773362196','3.720224602358791','3.7'),('470','bryannufc87','Thu Aug 09 20:12:18 IST 2018','rt fun88eng sky sports news just showed reporter splashed car 854th time today #deadlineday ','Equal',', Sports : 1, News : 1','0','1','1','sports news ','1.6931471824645996','1.9459101490553132','3.2947122862022726','3.2'),('471','_FallingSlowly_','Thu Aug 09 20:12:17 IST 2018','rt doolsetbangtan bts_twt selected candidate order cultural merit ministry culture sports tourism ','Sports',', Sports : 2','0','2','0','merit sports ','1.6931471824645996','1.9459101490553132','3.2947122862022726','3.2'),('472','Iptvzone','Thu Aug 09 20:12:16 IST 2018','premium subs now eleven sports now la liga games just refresh channel list smarter app ','Sports',', Sports : 1','0','1','0','sports ','1.0','2.0794415416798357','2.0794415416798357','2.0'),('473','Tantum__Ty','Thu Aug 09 20:12:16 IST 2018','sports debates west side vs south side arguments debates music den open gym session yeah ','Equal','Cinema : 2, Sports : 2','2','2','0','sports music music gym ','2.386294364929199','1.791759469228055','4.27566552472744','4.2'),('474','davys_locker','Thu Aug 09 20:12:16 IST 2018','1kevincampbell skysports accord sky sports everton arent allowed sign keep decent player ','Sports',', Sports : 3','0','3','0','skysports sports player ','2.0986123085021973','2.1972245773362196','4.611122542541328','4.6'),('475','ljs1479','Thu Aug 09 20:12:16 IST 2018','rt mitchellvii oops report akron public schools paying majority costs lebrons i promise school ','News',', News : 1','0','0','1','public ','1.0','2.0794415416798357','2.0794415416798357','2.0'),('476','Mattdmenendez','Thu Aug 09 20:12:15 IST 2018','rt cfbhome sports illustrated top 25 1 clemson 2 alabama 3 wisconsin 4 washington 5 oklahoma 6 georgia 7 penn st 8 auburn 9 ohio st 1 ','Sports',', Sports : 1','0','1','0','sports ','1.0','2.0794415416798357','2.0794415416798357','2.0'),('477','bangthebook','Thu Aug 09 20:12:15 IST 2018','rt skatingtripods another solid edition bangthebook radio comes way today bradpowers7 joins program chate nfl preseas ','Others','','0','0','0','',NULL,NULL,NULL,NULL),('478','SuperSweetSuga','Thu Aug 09 20:12:15 IST 2018','rt btsjimin03_ - bts first korean artists perform us stadium - bts candidate order cultural merit minist ','Equal','Cinema : 1, Sports : 1','1','1','0','artists merit ','1.6931471824645996','2.0794415416798357','3.520800587395057','3.5'),('479','btstaehyungi02','Thu Aug 09 20:12:14 IST 2018','rt doolsetbangtan update bts_twt selected candidate order cultural merit ministry culture sports tourism ','Sports',', Sports : 2','0','2','0','merit sports ','1.6931471824645996','1.9459101490553132','3.2947122862022726','3.2'),('480','dearbngtn','Thu Aug 09 20:12:14 IST 2018','rt doolsetbangtan update bts_twt selected candidate order cultural merit ministry culture sports tourism ','Sports',', Sports : 2','0','2','0','merit sports ','1.6931471824645996','1.9459101490553132','3.2947122862022726','3.2'),('481','microsoftnews','Thu Aug 09 20:12:14 IST 2018','tiger tracker tiger woods +2 birdies still starts slow pga championship ','Sports',', Sports : 1','0','1','0','championship ','1.0','2.6390573296152584','2.6390573296152584','2.6'),('482','NYJ33MUT','Thu Aug 09 20:12:14 IST 2018','kesh25 gtc1998 cleverland216 sportscenter college sports pro sports even question ','Sports',', Sports : 2','0','2','0','sports sports ','1.6931471824645996','2.0794415416798357','3.520800587395057','3.5'),('483','MSN','Thu Aug 09 20:12:14 IST 2018','tiger tracker tiger woods +2 birdies still starts slow pga championship ','Sports',', Sports : 1','0','1','0','championship ','1.0','2.6390573296152584','2.6390573296152584','2.6'),('484','Rarenorm','Thu Aug 09 20:12:13 IST 2018','adidas q2 10% sales rise driven world cup ','Others','','0','0','0','',NULL,NULL,NULL,NULL),('485','TeamSportNation','Thu Aug 09 20:12:13 IST 2018','still time grealish move clubs tottenham 23/4 leicester 32/1 chelsea 32/1 tco/kgmp3acvf4 ','Others','','0','0','0','',NULL,NULL,NULL,NULL),('486','TravisS20296438','Thu Aug 09 20:12:13 IST 2018','rt traviss20296438 roger goodell signs contract extension nfl commissioner ','Others','','0','0','0','',NULL,NULL,NULL,NULL),('487','meeemeeeeee','Thu Aug 09 20:12:12 IST 2018','rt jahangirktareen mehmood khan time & proven different roles assigned khan sb performance spo ','Others','','0','0','0','',NULL,NULL,NULL,NULL),('488','Agilent','Thu Aug 09 20:12:12 IST 2018','swimmer suspended drug never heard read tco/xiiow5wddw ','Sports',', Sports : 1','0','1','0','swimmer ','1.0','2.1972245773362196','2.1972245773362196','2.1'),('489','SoonerTracker','Thu Aug 09 20:12:12 IST 2018','make happen ou_football ','Others','','0','0','0','',NULL,NULL,NULL,NULL),('490','allsportsghana','Thu Aug 09 20:12:12 IST 2018','man utd fans de gea fax machine error - tco/jofdl4yu0z ghanas lead sports bett review spo ','Equal','Cinema : 1, Sports : 1','1','1','0','fans sports ','1.6931471824645996','1.9459101490553132','3.2947122862022726','3.2'),('491','EvansEric10','Thu Aug 09 20:12:12 IST 2018','rt thescrumsports fitzpatricks play help shape #fantasyfootball seasons mike evans desean jackson - one way another ','Sports',', Sports : 1','0','1','0','play ','1.0','1.791759469228055','1.791759469228055','1.7'),('492','pellioose','Thu Aug 09 20:14:37 IST 2018','rt hzzzzr ','Others','','0','0','0','',NULL,NULL,NULL,NULL),('493','Janetteosity','Thu Aug 09 20:14:37 IST 2018','rt healingmb bad news good news ','News',', News : 2','0','0','2','news news ','1.6931471824645996','1.791759469228055','3.033712496977748','3.0'),('494','benni_tweets','Thu Aug 09 20:14:37 IST 2018','rt dannouveau exciting news growing v_and_a #lgbtq tour guide team want bring passion commitment ','Equal',', Sports : 1, News : 1','0','1','1','news team ','1.6931471824645996','1.791759469228055','3.033712496977748','3.0'),('495','LeftSideKrew','Thu Aug 09 20:14:37 IST 2018','rt sahouraxo horrifying uk-us-back saudi arabia just bombed bus carrying children northern yemen kill dozens o ','Others','','0','0','0','',NULL,NULL,NULL,NULL),('496','KyraFeighner','Thu Aug 09 20:14:37 IST 2018','rt tayycates finally got allergy test morning deal migraines yearsfound im allergic bread cheese ','Others','','0','0','0','',NULL,NULL,NULL,NULL),('497','mOQIl','Thu Aug 09 20:14:37 IST 2018','rt ychange sex toys mistake bombs shut berlin airport ','Others','','0','0','0','',NULL,NULL,NULL,NULL),('498','SemiProFooty','Thu Aug 09 20:14:37 IST 2018','rt needhammktfc coach travel bedworth united saturday “ seats still available ','Others','','0','0','0','',NULL,NULL,NULL,NULL),('499','Milpop1804','Thu Aug 09 20:14:37 IST 2018','dear jesse_norman #bluebadge reform needs take account #hiddendisabilities like #crohns & #colitis whi ','Others','','0','0','0','',NULL,NULL,NULL,NULL),('500','thmsm74','Thu Aug 09 20:14:37 IST 2018','democrate blows reporter question social caught video ','News',', News : 1','0','0','1','social ','1.0','2.0794415416798357','2.0794415416798357','2.0'),('501','JonathanFoyle','Thu Aug 09 20:14:37 IST 2018','uk energy policy depend eu warning 2012 update 2018 tco/h50xu7nop6 ','News',', News : 1','0','0','1','policy ','1.0','2.0794415416798357','2.0794415416798357','2.0'),('502','Cubskers21','Thu Aug 09 20:14:36 IST 2018','rt therealclk watch #lnk guy history channel tonight get chance ','Others','','0','0','0','',NULL,NULL,NULL,NULL),('503','outrohood','Thu Aug 09 20:14:36 IST 2018','rt choi_bts2 k media said case bighit go public ipo total market capitalizations $14billion last apr stan ','News',', News : 2','0','0','2','media public ','1.6931471824645996','1.9459101490553132','3.2947122862022726','3.2'),('504','hckrieck','Thu Aug 09 20:14:36 IST 2018','rt keneigweonu guardianbooks cccubookshop uk denied visas number academics speak 19-21 july confere ','Others','','0','0','0','',NULL,NULL,NULL,NULL),('505','invested888','Thu Aug 09 20:14:36 IST 2018','rt proactive_uk $rgm regency mines plans revival us coal consolidate ','Others','','0','0','0','',NULL,NULL,NULL,NULL),('506','kylhardt','Thu Aug 09 20:14:36 IST 2018','rt easportsfifa survival mode long range header volleys new ways play kick-off #fifa19 tco/hbtubzrstq ','Sports',', Sports : 1','0','1','0','play ','1.0','1.791759469228055','1.791759469228055','1.7'),('507','Ike19777','Thu Aug 09 20:14:36 IST 2018','rt kmggaryde brandon straka exposes hostile close minded liberal & dem politic ideology open mind explore conservativ ','News',', News : 1','0','0','1','politic ','1.0','2.1972245773362196','2.1972245773362196','2.1'),('508','PeeplesChoice85','Thu Aug 09 20:14:36 IST 2018','rt cnn age 30 adrienne bennett became first black female master plumber us now 30 years later ceo ','Others','','0','0','0','',NULL,NULL,NULL,NULL),('509','LVNancy','Thu Aug 09 20:14:36 IST 2018','rt ingrahamangle illegal immig border dropped 7 percent july families still pouring across”10k per month ','Others','','0','0','0','',NULL,NULL,NULL,NULL),('510','wtf_imtooold','Thu Aug 09 20:14:36 IST 2018','rt anntelnaes rep nunes keep majority goes away cartoon 5/1/2018 tco/xameas2qpk ','Others','','0','0','0','',NULL,NULL,NULL,NULL),('511','NME','Thu Aug 09 20:14:36 IST 2018','australian festival organiser apologise nazi slur directed holocaust survivors granddaughter ','Others','','0','0','0','',NULL,NULL,NULL,NULL),('512','debaroonie137','Thu Aug 09 20:14:36 IST 2018','rt stormisuponus another reason lot resistance media q protect relevancy outlets real ','News',', News : 1','0','0','1','media ','1.0','1.9459101490553132','1.9459101490553132','1.9'),('513','News_Regina2015','Thu Aug 09 20:14:36 IST 2018','rt saskpower 836 am outage regina - albert park parilament place crews dispatched etr #skoutage ','Others','','0','0','0','',NULL,NULL,NULL,NULL),('514','IkeNkaa','Thu Aug 09 20:14:36 IST 2018','rt amaka_ekwo news hope nigeria fct abuja cows back thousands invades nation assembly - hope nige ','News',', News : 1','0','0','1','news ','1.0','1.791759469228055','1.791759469228055','1.7'),('515','kthyyhnm','Thu Aug 09 20:14:36 IST 2018','rt billboard watch itsdougthepug become eighth member bts new video tco/q3zjhynma0 ','Others','','0','0','0','',NULL,NULL,NULL,NULL),('516','NewsBuffM','Thu Aug 09 20:14:36 IST 2018','awkward watch sean hannity keep gett corrected shep smith newâ supercut tco/snnreg9jrp ','Others','','0','0','0','',NULL,NULL,NULL,NULL),('517','CristinaCriddle','Thu Aug 09 20:14:36 IST 2018','rt jessbrammar finally good news millennials ','News',', News : 1','0','0','1','news ','1.0','1.791759469228055','1.791759469228055','1.7'),('518','kieran_doherty','Thu Aug 09 20:14:36 IST 2018','rt mehdirhasan woke news israe air strike killed pregnant woman daughter saudi air strike yemen tha ','News',', News : 3','0','0','3','news strike strike ','2.0986123085021973','1.9459101490553132','4.083710990046826','4.0'),('519','JosephineLynne1','Thu Aug 09 20:14:36 IST 2018','rt bbcmtd council chief execs â£10k pay rise spotlight tco/ai8wodwhj5 ','Others','','0','0','0','',NULL,NULL,NULL,NULL),('520','LivLivesy_x','Thu Aug 09 20:14:36 IST 2018','rt antanddec state ','News',', News : 1','0','0','1','state ','1.0','1.9459101490553132','1.9459101490553132','1.9'),('521','LuWoo5','Thu Aug 09 20:14:36 IST 2018','rt dodo œwhatever going marineland right now bad news ','Others','','0','0','0','',NULL,NULL,NULL,NULL),('522','mumsey163','Thu Aug 09 20:14:36 IST 2018','rt sirdukedevin need damn amber alert isue single one children reunited parents fox news viewer ','News',', News : 1','0','0','1','news ','1.0','1.791759469228055','1.791759469228055','1.7'),('523','donboscochannel','Thu Aug 09 20:14:36 IST 2018','i added video youtube playlist ','Others','','0','0','0','',NULL,NULL,NULL,NULL),('524','mudhaher6','Thu Aug 09 20:14:36 IST 2018','rt goal busi time man utd just transfer market tco/guml21zwhi ','Others','','0','0','0','',NULL,NULL,NULL,NULL),('525','XGSDI','Thu Aug 09 20:14:36 IST 2018','rt easportsfifa survival mode long range header volleys new ways play kick-off #fifa19 tco/hbtubzrstq ','Sports',', Sports : 1','0','1','0','play ','1.0','1.791759469228055','1.791759469228055','1.7'),('526','SMSIndivisible','Thu Aug 09 20:14:36 IST 2018','rt dbaria good news now lets go fix roads bridges fund public educate like future depends hint-it #b ','News',', News : 2','0','0','2','news public ','1.6931471824645996','1.9459101490553132','3.2947122862022726','3.2'),('527','ahanwadi','Thu Aug 09 20:14:36 IST 2018','rt devlinbarrett angry judge paul manafort trial admits wrong wont read transcript shows wron ','Others','','0','0','0','',NULL,NULL,NULL,NULL),('528','NetworkRailLIV','Thu Aug 09 20:14:36 IST 2018','rt networkraileus sports fans event visitors head london reminded avoid #euston state closes three summer ','Equal','Cinema : 1, Sports : 1, News : 1','1','1','1','sports fans state ','2.0986123085021973','1.9459101490553132','4.083710990046826','4.0'),('529','blackstarr412','Thu Aug 09 20:14:36 IST 2018','taureanreign yes homan square black site chicago ','Others','','0','0','0','',NULL,NULL,NULL,NULL),('530','pinkisntwell','Thu Aug 09 20:14:36 IST 2018','rep chris collinss insider trad arrest huge deal ” totally unsurprise ','Others','','0','0','0','',NULL,NULL,NULL,NULL),('531','DGrayling','Thu Aug 09 20:14:36 IST 2018','rt msnbc video shows nashville man run away officer stops aims shoots kills local fraternal order police says ma ','News',', News : 2','0','0','2','local police ','1.6931471824645996','1.9459101490553132','3.2947122862022726','3.2'),('532','RutiRegan','Thu Aug 09 20:14:36 IST 2018','rt rebeccacokley immigrants legal eligible nutrition programs light heat assistance #medicaid rule ','Others','','0','0','0','',NULL,NULL,NULL,NULL),('533','Force1237','Thu Aug 09 20:14:36 IST 2018','rt 2xemily day i watching news video i like oh looks like twice merch fan really gave nako ','News',', News : 1','0','0','1','news ','1.0','1.791759469228055','1.791759469228055','1.7'),('534','lawlerchuck1','Thu Aug 09 20:14:36 IST 2018','rt ingrahamangle ˜unfathomable police say undocumented immigrant previously arrest several times killed lancaster man ','News',', News : 1','0','0','1','police ','1.0','2.0794415416798357','2.0794415416798357','2.0'),('535','TheNext_100','Thu Aug 09 20:14:36 IST 2018','rt fortnitegame weve made weapon build adjustments get specifics balance changes blog post - ','Others','','0','0','0','',NULL,NULL,NULL,NULL),('536','mosc1876','Thu Aug 09 20:14:36 IST 2018','boro made improved offer qpr midfielder luke freeman ready offer player part-exchange i ','Sports',', Sports : 1','0','1','0','player ','1.0','2.0794415416798357','2.0794415416798357','2.0'),('537','dulcecmk','Thu Aug 09 20:14:35 IST 2018','rt maddow news exclusive audio closed-door gop fundraiser reveals surprise plan scotus nominee mueller investigate 9pm et ','News',', News : 1','0','0','1','news ','1.0','1.791759469228055','1.791759469228055','1.7'),('538','lindsaywise','Thu Aug 09 20:14:35 IST 2018','rt kcstar milestone win sharice davids test dems strategy key suburban district ','Others','','0','0','0','',NULL,NULL,NULL,NULL),('539','grey_sister','Thu Aug 09 20:14:35 IST 2018','rt cristobaljalex sick toddler vomit distress & non-stop crying havent seen parents months ','Others','','0','0','0','',NULL,NULL,NULL,NULL),('540','jeonthiccsus','Thu Aug 09 20:14:35 IST 2018','rt yonhapnews bts hold first-ever stadium concert us october ','Others','','0','0','0','',NULL,NULL,NULL,NULL),('541','shaviaaar','Thu Aug 09 20:14:35 IST 2018','rt the_magdalene proper sex educate childs rights tco/hnppauki8c - antonina suryantari ','Others','','0','0','0','',NULL,NULL,NULL,NULL),('542','Antibolt','Thu Aug 09 20:14:35 IST 2018','rt getup sky news removed melbourne train stations “ greate ptv stand racism tco/hva04yqiru ','News',', News : 1','0','0','1','news ','1.0','1.791759469228055','1.791759469228055','1.7'),('543','DianaBialkowski','Thu Aug 09 20:14:35 IST 2018','rt krisparonto got shitt cnn just compare soldiersyou arent even real news let alone ','News',', News : 1','0','0','1','news ','1.0','1.791759469228055','1.791759469228055','1.7'),('544','MattSmith71','Thu Aug 09 20:14:35 IST 2018','rt mehdirhasan woke news israe air strike killed pregnant woman daughter saudi air strike yemen tha ','News',', News : 3','0','0','3','news strike strike ','2.0986123085021973','1.9459101490553132','4.083710990046826','4.0'),('545','0nIyThursday','Thu Aug 09 20:14:35 IST 2018','rt beckystidepods remember people call us uneducated deplorable irredeemable toothless smelly rednecks ','News',', News : 1','0','0','1','people ','1.0','2.0794415416798357','2.0794415416798357','2.0'),('546','SSjSkynight','Thu Aug 09 20:14:35 IST 2018','rt fortnitegame weve made weapon build adjustments get specifics balance changes blog post - ','Others','','0','0','0','',NULL,NULL,NULL,NULL),('547','lwpnews','Thu Aug 09 20:14:35 IST 2018','kenyan shill stable expected firm horticulture inflows ','Others','','0','0','0','',NULL,NULL,NULL,NULL),('548','Niggabouy92','Thu Aug 09 20:14:35 IST 2018','rt 1kevincampbell just watching skysports news paul merson just said richarlison signing spoile transfer window hi ','Equal',', Sports : 1, News : 1','0','1','1','skysports news ','1.6931471824645996','2.0794415416798357','3.520800587395057','3.5'),('549','SCSafetyDocs','Thu Aug 09 20:14:35 IST 2018','partnership safety inspectors apprentices improve electric safety ','Others','','0','0','0','',NULL,NULL,NULL,NULL),('550','redhead1012','Thu Aug 09 20:14:35 IST 2018','rt thehill conserv pollster gop head towards potential politic disaster midterms tco/2pm7z7rv2m ','News',', News : 1','0','0','1','politic ','1.0','2.1972245773362196','2.1972245773362196','2.1'),('551','BBCWorldBiz','Thu Aug 09 20:14:35 IST 2018','apple removes wrong apps gambl purge ','Others','','0','0','0','',NULL,NULL,NULL,NULL),('552','fitzgen','Thu Aug 09 20:14:35 IST 2018','rt washingtonpost health fail years saw something crawl eye ','Others','','0','0','0','',NULL,NULL,NULL,NULL),('553','rachmitchell_x','Thu Aug 09 20:14:35 IST 2018','rt idgafakkkpost retweet 12 seconds receive good news ','News',', News : 1','0','0','1','news ','1.0','1.791759469228055','1.791759469228055','1.7'),('554','coolkid_freddy','Thu Aug 09 20:14:35 IST 2018','rt chelsea_hq #chelsea striker alvaro morata welcomed clubs latest recruit mateo kovacic stamford bridge standardsport ht ','Others','','0','0','0','',NULL,NULL,NULL,NULL),('555','mrigomrago','Thu Aug 09 20:14:35 IST 2018','rt tumimolekane le club slaghuis yfm soweto loxion kulture backpack rap gallo iv league ts records dankie ','Sports',', Sports : 1','0','1','0','league ','1.0','2.0794415416798357','2.0794415416798357','2.0'),('556','MerchantsQuayIR','Thu Aug 09 20:14:35 IST 2018','type rhetoric serves demean people use drugs label unworthy help stigma ','News',', News : 1','0','0','1','people ','1.0','2.0794415416798357','2.0794415416798357','2.0'),('557','ghcorps','Thu Aug 09 20:14:35 IST 2018','rt lisarussellfilm listen amazing group poem world want seven youth spoken word #artists opened plenary se ','Others','','0','0','0','',NULL,NULL,NULL,NULL),('558','estermartia','Thu Aug 09 20:14:35 IST 2018','rt janneriitakorpi œthe european court human rights consider legitimate region member state secede even ','News',', News : 1','0','0','1','state ','1.0','1.9459101490553132','1.9459101490553132','1.9'),('559','Frankwa44797211','Thu Aug 09 20:14:35 IST 2018','rt cbsnews army temporarily suspends discharges immigrant recruits seeking path citizenship tco/ddav7wuibn ','Others','','0','0','0','',NULL,NULL,NULL,NULL),('560','richteditor12','Thu Aug 09 20:14:35 IST 2018','rt sportingnews jare goff entering second season sean mcvays offensive system addition brandin cooks rams ','Others','','0','0','0','',NULL,NULL,NULL,NULL),('561','jojoscott71','Thu Aug 09 20:14:35 IST 2018','rt bestforbritain brexit hit scotlands gdp 10% accord new analysis produce scottish government - thats ','News',', News : 1','0','0','1','government ','1.0','2.4849066497880004','2.4849066497880004','2.4'),('562','one2prosper','Thu Aug 09 20:14:35 IST 2018','rt scholten4iowa first stevekingia named worst congressman made rollingstone s hate eight bigots congress toda ','Others','','0','0','0','',NULL,NULL,NULL,NULL),('563','dublinpage','Thu Aug 09 20:14:35 IST 2018','lidl plans build new pub belgard site ','Others','','0','0','0','',NULL,NULL,NULL,NULL),('564','VicensSierra','Thu Aug 09 20:14:35 IST 2018','rt eurolang œthe european court human rights consider legitimate region member state secede even cou ','News',', News : 1','0','0','1','state ','1.0','1.9459101490553132','1.9459101490553132','1.9'),('565','samuel_churu','Thu Aug 09 20:14:35 IST 2018','rt kenyans breaking news evans kidero released tco/mix0voqulb ','News',', News : 2','0','0','2','breaking news ','1.6931471824645996','2.0794415416798357','3.520800587395057','3.5'),('566','00Mitsuru','Thu Aug 09 20:14:34 IST 2018','rt thr lindsay lohan says women share #metoo stories look weak tco/hck0oa7myn ','Others','','0','0','0','',NULL,NULL,NULL,NULL),('567','citizen311','Thu Aug 09 20:14:34 IST 2018','rt electroboyusa misse votes found danny oconnor #oh12 provisional absentee ballots wait counted go dann ','Others','','0','0','0','',NULL,NULL,NULL,NULL),('568','AllegromyUSA','Thu Aug 09 20:14:34 IST 2018','rt michaelavenatti trump conned farmer left behind œtheyve developed markets tariffs put ','News',', News : 1','0','0','1','trump ','1.0','1.9459101490553132','1.9459101490553132','1.9'),('569','dt_next','Thu Aug 09 20:14:34 IST 2018','countrys largest private sector lender #icicibank today said aime disburse retail loan tune ','Others','','0','0','0','',NULL,NULL,NULL,NULL),('570','post2ankan','Thu Aug 09 20:14:34 IST 2018','rt squawka 1 ranking premier league club rank experience academy product - ','Sports',', Sports : 2','0','2','0','premier league ','1.6931471824645996','2.0794415416798357','3.520800587395057','3.5'),('571','SierraClub','Thu Aug 09 20:14:34 IST 2018','rt bwillis new low trump officials unethically edited ˜bomb cyclone laboratory report boost coals declin significance th ','News',', News : 1','0','0','1','trump ','1.0','1.9459101490553132','1.9459101490553132','1.9'),('572','pinskylab','Thu Aug 09 20:14:34 IST 2018','rt maxcastorani i recruit two phd students study 1 coastal marine #biodiversity community #ecology 2 spatial dynami ','Others','','0','0','0','',NULL,NULL,NULL,NULL),('573','juliebhunt','Thu Aug 09 20:14:34 IST 2018','rt michaelavenatti trump conned farmer left behind œtheyve developed markets tariffs put ','News',', News : 1','0','0','1','trump ','1.0','1.9459101490553132','1.9459101490553132','1.9'),('574','TRUTHLOVERTOO','Thu Aug 09 20:14:34 IST 2018','authorities knew child rape camp nm 6 months rescuing children 1 dead nak fbi knew tha ','News',', News : 1','0','0','1','fbi ','1.0','1.6094379124341003','1.6094379124341003','1.6'),('575','mhorchata','Thu Aug 09 20:14:34 IST 2018','juegosnomas cable news samsquanch ','News',', News : 1','0','0','1','news ','1.0','1.791759469228055','1.791759469228055','1.7'),('576','_unit76','Thu Aug 09 20:14:34 IST 2018','rt biggibuk #copl relentless buying share price +891% wonder fence sitter call move pump dump number 53 ','Others','','0','0','0','',NULL,NULL,NULL,NULL),('577','SweetCherryPub','Thu Aug 09 20:14:34 IST 2018','super excited hear fabulous news congratulations ','News',', News : 1','0','0','1','news ','1.0','1.791759469228055','1.791759469228055','1.7'),('578','AnitraMcLeod','Thu Aug 09 20:14:34 IST 2018','rt fox5dc groundbreaking ceremony wilson elm -- future home fox 5 #fox5dc tco/ip31kytrps ','Others','','0','0','0','',NULL,NULL,NULL,NULL),('579','RenRojas','Thu Aug 09 20:14:34 IST 2018','rt bbcworld taiwan man rigs bike 11 phones play pokemon go ','Sports',', Sports : 1','0','1','0','play ','1.0','1.791759469228055','1.791759469228055','1.7'),('580','UAEembCuba','Thu Aug 09 20:14:34 IST 2018','rt uaemissiongenf #icrc praises #uae aid efforts #yemen tco/q4nfmu9che ','Others','','0','0','0','',NULL,NULL,NULL,NULL),('581','resistthis2017','Thu Aug 09 20:14:34 IST 2018','rt jjohnsonlaw bombshell record nunes aire maddow last night arent breaking headline news tells bad th ','News',', News : 2','0','0','2','breaking news ','1.6931471824645996','2.0794415416798357','3.520800587395057','3.5'),('582','Basscatcher6','Thu Aug 09 20:14:34 IST 2018','cnn yea thanks going taking parental advice news state ','News',', News : 2','0','0','2','news state ','1.6931471824645996','1.791759469228055','3.033712496977748','3.0'),('583','nowuvdunnit','Thu Aug 09 20:14:34 IST 2018','rt ddale8 new trump just obliterated old record false claims week 132 last week list includes staggering varie ','News',', News : 1','0','0','1','trump ','1.0','1.9459101490553132','1.9459101490553132','1.9'),('584','AFC_HC','Thu Aug 09 20:14:34 IST 2018','2 good write ups local paper excited tco/bu93ji6ce0 ','News',', News : 1','0','0','1','local ','1.0','1.9459101490553132','1.9459101490553132','1.9'),('585','MicheBangtan','Thu Aug 09 20:14:34 IST 2018','rt choi_bts2 k media said suga œmiracle idol get everything said wanted jamsil stadium concert daesang japan ','News',', News : 1','0','0','1','media ','1.0','1.9459101490553132','1.9459101490553132','1.9'),('586','sujilu','Thu Aug 09 20:14:34 IST 2018','rt davidjoachim œi wrong judge manafort trial told jury morning œthis robe doesnt make ','Others','','0','0','0','',NULL,NULL,NULL,NULL),('587','emma__oxox','Thu Aug 09 20:14:34 IST 2018','rt chloelizs taking 8 letter growth knowledge putt feel paper truly makes emotion just ','Others','','0','0','0','',NULL,NULL,NULL,NULL),('588','MalleeStanley','Thu Aug 09 20:14:34 IST 2018','rt jdslanka #srilanka mass grave bounds journalists #lka #mannar #massgrave agnescallamard unhumanrights theicmp itjpsl h ','Others','','0','0','0','',NULL,NULL,NULL,NULL),('589','alc510_angie','Thu Aug 09 20:14:34 IST 2018','rt prisonplanet watch story disappear quicker toupee hurricane ','News',', News : 1','0','0','1','hurricane ','1.0','2.3978952727983707','2.3978952727983707','2.3'),('590','ahmadmichael92','Thu Aug 09 20:14:34 IST 2018','rt mirrorfootball breaking kurt zouma agrees deal join everton chelsea toffees prepare triple swoop ','News',', News : 1','0','0','1','breaking ','1.0','2.302585092994046','2.302585092994046','2.3'),('591','pennyindenver','Thu Aug 09 20:14:34 IST 2018','rt nellsco time rapist brock turner news lets recirculate letter victim read courtroom let voi ','News',', News : 1','0','0','1','news ','1.0','1.791759469228055','1.791759469228055','1.7');

/*Table structure for table `rank` */

DROP TABLE IF EXISTS `rank`;

CREATE TABLE `rank` (
  `id` int(200) NOT NULL AUTO_INCREMENT,
  `community` varchar(200) DEFAULT NULL,
  `rank` varchar(200) DEFAULT NULL,
  PRIMARY KEY (`id`)
) ENGINE=InnoDB AUTO_INCREMENT=13 DEFAULT CHARSET=latin1;

/*Data for the table `rank` */

insert  into `rank`(`id`,`community`,`rank`) values (1,'Cinema','957.999999999998'),(2,'Sports','179.29999999999995'),(3,'News','127.50000000000003'),(4,'Cinema','957.999999999998'),(5,'Sports','179.29999999999995'),(6,'News','127.50000000000003'),(7,'Sports','169.69999999999993'),(8,'Sports','169.69999999999993'),(9,'--Select--','1255.7000000000046'),(10,'News','121.20000000000007'),(11,'Cinema','908.0000000000022'),(12,'Cinema','908.0000000000022');

/*Table structure for table `register` */

DROP TABLE IF EXISTS `register`;

CREATE TABLE `register` (
  `id` int(200) NOT NULL AUTO_INCREMENT,
  `username` varchar(200) DEFAULT NULL,
  `password` varchar(200) DEFAULT NULL,
  `email` varchar(200) DEFAULT NULL,
  `mobile` varchar(200) DEFAULT NULL,
  `city` varchar(200) DEFAULT NULL,
  PRIMARY KEY (`id`)
) ENGINE=InnoDB AUTO_INCREMENT=3 DEFAULT CHARSET=latin1;

/*Data for the table `register` */

insert  into `register`(`id`,`username`,`password`,`email`,`mobile`,`city`) values (1,'padmasri','padma','1croreprojects.javateam@gmail.com','9988776655','chennai'),(2,'madhuri','madhu','1croreprojects.javateam@gmail.com','7299913961','chennai');

/*Table structure for table `sports` */

DROP TABLE IF EXISTS `sports`;

CREATE TABLE `sports` (
  `id` int(200) NOT NULL AUTO_INCREMENT,
  `word` varchar(200) DEFAULT NULL,
  PRIMARY KEY (`id`)
) ENGINE=InnoDB AUTO_INCREMENT=27 DEFAULT CHARSET=latin1;

/*Data for the table `sports` */

insert  into `sports`(`id`,`word`) values (1,'sports'),(2,'play'),(3,'football'),(4,'cricket'),(5,'badminton'),(6,'player'),(7,'tennis'),(8,'team'),(9,'premier'),(10,'league'),(11,'score'),(12,'athletics'),(13,'ball'),(14,'bowling'),(15,'batting'),(16,'soccer'),(17,'basketball'),(18,'gym'),(19,'skysports'),(20,'merit'),(21,'championship'),(22,'swimmer'),(23,'betting'),(24,'volley ball'),(25,'basket ball'),(26,'amphire');

/*!40101 SET SQL_MODE=@OLD_SQL_MODE */;
/*!40014 SET FOREIGN_KEY_CHECKS=@OLD_FOREIGN_KEY_CHECKS */;
/*!40014 SET UNIQUE_CHECKS=@OLD_UNIQUE_CHECKS */;
/*!40111 SET SQL_NOTES=@OLD_SQL_NOTES */;
